start_station_id,start_station_name,total_rows,missing_rows,missing_share
5351.03,Bayard St & Baxter St,366,366,1.0
6644.08,9 Ave & W 39 St,366,366,1.0
3303.03,Caton Ave & Argyle Rd,365,365,1.0
3385.06,Prospect Park SW & Greenwood Ave,365,365,1.0
3457.03,Prospect Park SW & Vanderbilt St,365,365,1.0
3460.02,36 St & 3 Ave,365,365,1.0
3515.01,7 Ave & 22 St,365,365,1.0
3555.04,24 St & 5 Ave,365,365,1.0
3588.01,7 Ave & 20 St,365,365,1.0
3611.02,Prospect Park SW & 10 Ave,365,365,1.0
3865.05,3 St & Prospect Park West,365,365,1.0
4546.05,Washington Park,365,365,1.0
4659.02,Myrtle Ave & St Edwards St,365,365,1.0
4697.01,Throop Ave & Myrtle Ave,365,365,1.0
4762.04,Clinton Ave & Flushing Ave,365,365,1.0
4762.05,Flushing Ave & Vanderbilt Ave,365,365,1.0
4812.04,Sands St Gate,365,365,1.0
5146.03,Stanhope St & Fairview Ave,365,365,1.0
5329.03,West St & Chambers St,365,365,1.0
5743.02,Calyer St & Jewel St,365,365,1.0
6190.03,W 18 St & 9 Ave,365,365,1.0
6286.02,46 Ave & 5 St,365,365,1.0
6300.04,Skillman Ave & 43 Ave,365,365,1.0
7132.08,27 Ave & 3 St,365,365,1.0
7327.01,Wards Meadow Comfort Station,365,365,1.0
7514.06,Icahn Stadium Plaza,365,365,1.0
8242.04,Amsterdam Ave & W 172 St,365,365,1.0
3192.05,7 Ave & 41 St,364,364,1.0
3344.02,Park Circle & East Dr,364,364,1.0
3394.03,McDonald Ave & Vanderbilt St,364,364,1.0
3448.02,Parkside Ave & Ocean Ave,364,364,1.0
3722.04,Prospect Park West & 8 St,364,364,1.0
4804.02,Dock 72 Way & Market St,364,364,1.0
4843.01,5 St & Market St,364,364,1.0
6185.07,33 St & Queens Blvd,364,364,1.0
6260.04,36 St & Queens Blvd,364,364,1.0
6334.03,Skillman Ave & Honeywell St,364,364,1.0
7617.07,Central Park North & Adam Clayton Powell Blvd,364,364,1.0
8111.07,River Ave & McClellan St,364,364,1.0
8278.05,Amsterdam Ave & W 175 St,364,364,1.0
6514.08,Vernon Blvd & 41 Rd,363,363,1.0
7256.01,20 Ave & 31 St,363,363,1.0
7898.03,St Nicholas Ave & W 137 St,363,363,1.0
7937.15,St Nicholas Terrace & Convent Ave,363,363,1.0
8156.01,E 170 St & Clay Ave,363,363,1.0
3211.06,53 St & 2 Ave,362,362,1.0
3742.11,Carroll St & Rochester Ave,362,362,1.0
3853.02,Eastern Pkwy & Rochester Ave,362,362,1.0
5579.04,55 Dr & Maurice Ave,362,362,1.0
7291.06,Ditmars Blvd & 19 St,362,362,1.0
6151.03,47 Ave & 31 St,361,361,1.0
3376.04,Parkside Ave & Parade Pl,360,360,1.0
3779.02,3 Ave & 17 St,360,360,1.0
5021.05,Kent Ave & Division Ave,360,360,1.0
5273.01,Metropolitan Ave & Stewart Ave,360,360,1.0
5369.01,Grand Ave & 55 St,360,360,1.0
6001.01,Borden Ave & Review Ave,360,360,1.0
6185.04,33 St & 47 Ave,360,360,1.0
6626.11,W 48 St &  Rockefeller Plaza,360,360,1.0
3704.04,Flatbush Ave & Ocean Ave,359,359,1.0
3814.01,Buffalo Ave & E New York Ave,359,359,1.0
5917.02,Bradley Ave & Greenpoint Ave,359,359,1.0
6551.02,W 44 St & 5 Ave,359,359,1.0
7159.08,Astoria Park S & Shore Blvd,359,359,1.0
8245.03,Mount Eden Pkwy & Eastburn Ave,359,359,1.0
8353.02,Amsterdam Ave & W 180 St,359,359,1.0
3651.04,West Drive & Prospect Park West,358,358,1.0
5241.02,Metropolitan Ave & Vandervoort Ave,358,358,1.0
6033.01,31 Pl & Hunters Point Ave,358,358,1.0
6593.14,W 43 St & 6 Ave,358,358,1.0
8025.01,E 153 St & E 157 St,358,358,1.0
8186.01,Fulton Ave & E 172 St,358,358,1.0
8187.04,Edgecombe Ave & W 167 St,358,358,1.0
4990.02,Railroad Ave & Kay Ave,357,357,1.0
6659.09,Madison Ave & E 51 St,357,357,1.0
8465.01,Sedgwick Ave & W Burnside Ave,357,357,1.0
3460.01,2 Ave & 36 St,356,356,1.0
3928.08,Eastern Pkwy & Washington Ave,356,356,1.0
6076.02,30 St & 48 Ave,356,356,1.0
8715.06,W 218 St & Broadway,356,356,1.0
SYS016,Morgan Bike Mechanics,356,356,1.0
5854.10,Stuyvesant Walk & 1 Ave Loop,355,355,1.0
6515.01,Mets Plaza at Citi Field,355,355,1.0
8732.04,W 218 St & Indian Rd,355,355,1.0
6287.02,111 St & 49 Ave,354,354,1.0
8335.02,Park Ave & E Tremont Ave,354,354,1.0
8432.11,Amsterdam Ave & W 189 St,354,354,1.0
5409.02,Page Pl & Grand Ave,353,353,1.0
6194.06,29 St & Skillman Ave,353,353,1.0
6659.03,E 53 St & Madison Ave,353,353,1.0
6876.04,Central Park S & 6 Ave,353,353,1.0
5881.01,Tyler Ave & Maurice Ave,352,352,1.0
6110.01,34 St & 48 Ave,352,352,1.0
6119.01,49 Ave & 27 St,352,352,1.0
6659.10,E 50 St & Park Ave,352,352,1.0
8319.01,Anthony Ave & E 175 St,352,352,1.0
6171.02,111 St & 53 Ave,351,351,1.0
7161.08,5 Ave & E 78 St,351,351,1.0
7571.01,Sunken Meadow Comfort Station,351,351,1.0
3220.01,58 St & Pier 4,350,350,1.0
3306.03,5 Ave & 41 St,350,350,1.0
7323.09,5 Ave & E 87 St,350,350,1.0
8236.01,Crotona Park North & Prospect Ave,350,350,1.0
3155.01,Schenectady Ave & Cortelyou Rd,348,348,1.0
6237.01,47 Ave & Skillman Ave,348,348,1.0
6904.06,5 Ave & E 63 St,348,348,1.0
7100.07,5 Ave & E 72 St,348,348,1.0
8715.01,Broadway & W 220 St,348,348,1.0
3253.01,52 St & 1 Ave,347,347,1.0
7618.01,Bronx Shore Comfort Station,347,347,1.0
8096.02,Jerome Ave & E 164 St,346,346,1.0
6227.02,31 St & Thomson Ave,345,345,1.0
8182.02,Crotona Park East & E 173 St,345,345,1.0
3532.02,2 Ave & 32 St,343,343,1.0
3856.03,Flatbush Ave & Eastern Pkwy,342,342,1.0
8356.02,E Tremont Ave & E 176 St,340,340,1.0
8130.02,E 165 St & Jerome Ave,337,337,1.0
3356.05,44 St & 2 Ave,336,336,1.0
7391.02,20 Ave & Shore Blvd,336,336,1.0
6053.01,Corona Ave & 111 St,335,335,1.0
8859.03,Van Cortlandt Park S & Dickinson Ave,335,335,1.0
3233.02,5 Ave & 44 St,330,330,1.0
7860.08,Convent Ave & W 135 St,330,330,1.0
7639.06,Walnut Ave & E 136 St,329,329,1.0
8876.04,Van Cortlandt Park S & Gouverneur Ave,328,328,1.0
7141.07,Central Park W & W 72 St,324,324,1.0
7253.04,Central Park W & W 76 St,324,324,1.0
8041.07,E 161 St & River Ave,323,323,1.0
6086.02,Borden Ave & 25 St,321,321,1.0
8507.02,Dyckman St & 10 Ave,321,321,1.0
7079.06,Central Park W & W 68 St,320,320,1.0
4440.02,Yankee Ferry Terminal,317,317,1.0
8558.01,Southern Blvd & Xavier Way,315,315,1.0
8216.02,Waterloo Pl & Crotona Park East,312,312,1.0
3019.03,Keegan Rd & 2 Ave,309,309,1.0
8636.04,Dyckman St & Henshaw St,305,305,1.0
5548.01,58 St & 56 Dr,297,297,1.0
6839.15,Central Park S & Grand Army Plaza,288,288,1.0
4801.04,Melrose St & Broadway,279,279,1.0
7453.01,Central Park W & W 91 St,279,279,1.0
Shop Morgan,Shop Morgan,277,277,1.0
7271.01,Shore Blvd & Astoria Park,259,259,1.0
5731.03,Maurice Ave & 53 Dr,257,257,1.0
4374.01,Picnic Point,253,253,1.0
6633.01,Shea Rd & Boat Basin Pl,253,253,1.0
8539.02,Sedgwick Ave & Hall of Fame Terrace,249,249,1.0
4077.07,Court St & Nelson St,246,246,1.0
4488.08,Court St & State St,245,245,1.0
6569.08,W 35 St & Dyer Ave,245,245,1.0
6325.01,43 St & Skillman Ave,227,227,1.0
8635.08,Grand Concourse & E 196 St,208,208,1.0
3460.06,2 Ave & 37 St,206,206,1.0
4199.13,Carlton Ave & St Marks Ave,199,199,1.0
SYS038,Morgan Loading Docks,199,199,1.0
7613.04,E 134 St & Walnut Ave,196,196,1.0
4631.02,Soissons Landing,194,194,1.0
5348.02,Wythe Ave & Metropolitan Ave,188,188,1.0
8667.01,Grand Concourse & E 197 St,188,188,1.0
SYS033,Pier 40 X2,188,188,1.0
1234.56,Morgan HCT Charging,171,171,1.0
5500.07,6 Ave & Canal St,163,163,1.0
5847.06,W 10 St & Washington St,154,154,1.0
6234.08,59 St & 41 Ave,154,154,1.0
6462.09,29 St & 40 Ave,154,154,1.0
4956.02,Humboldt St & Varet St,136,136,1.0
3501.01,39 St & 2 Ave,128,128,1.0
4590.01,Soissons Landing,128,128,1.0
6659.1,E 50 St & Park Ave,96,96,1.0
5883.06,Van Dam St & Greenpoint Ave,89,89,1.0
5883.08,Review Ave & Greenpoint Ave,67,67,1.0
4077.07,Court St & Huntington St,59,59,1.0
5854.1,Stuyvesant Walk & 1 Ave Loop,47,47,1.0
4645.09,Hicks St & Montague St,30,30,1.0
5829.12,E 11 St & Broadway,28,28,1.0
3138.09,58 St & 2 Ave,5,5,1.0
190 Morgan,190 Morgan,4,4,1.0
LA Metro Demo 2,LA Metro Demo 2,4,4,1.0
LA Metro Demo 1,LA Metro Demo 1,3,3,1.0
LA Metro Demo 3,LA Metro Demo 3,2,2,1.0
Lab - NYC - Monolith,Lab - NYC - M,1,1,1.0
1964.01,101 St & Fort Hamilton Pkwy,22,0,0.0
2009.04,Shore Rd & 4 Ave,19,0,0.0
2042.01,4 Ave & 99 St,26,0,0.0
2086.07,99 St & 3 Ave,32,0,0.0
2118.13,Fort Hamilton Pkwy & 95 St,15,0,0.0
2127.03,Shore Rd & 97 St,23,0,0.0
2158.08,4 Ave & 94 St,32,0,0.0
2190.08,Fort Hamilton Pkwy & 92 St,29,0,0.0
2200.07,96 St & Marine Ave,36,0,0.0
2231.10,3 Ave & 92 St,38,0,0.0
2240.06,Shore Rd & Oliver St,28,0,0.0
2261.04,5 Ave & 88 St,55,0,0.0
2303.05,4 Ave & 87 St,46,0,0.0
2312.02,Colonial Rd & 89 St,58,0,0.0
2335.08,Fort Hamilton Pkwy & 85 St,52,0,0.0
2345.04,Ridge Blvd & 89 St,46,0,0.0
2345.05,89 St & 3 Ave,23,0,0.0
2377.01,4 Ave & 85 St,52,0,0.0
2387.07,86 St & Ridge Blvd,63,0,0.0
2419.03,84 St & 3 Ave,51,0,0.0
2453.05,4 Ave & 81 St,57,0,0.0
2463.04,Ridge Blvd & 82 St,46,0,0.0
2472.02,Shore Rd & 86 St,26,0,0.0
2488.09,6 Ave & 78 St,76,0,0.0
2497.07,3 Ave & 81 St,72,0,0.0
2506.10,83 St & Narrows Ave,62,0,0.0
2506.11,Colonial Rd & 83 St,71,0,0.0
2533.04,79 St & 5 Ave,80,0,0.0
2569.07,6 Ave & 74 St,32,0,0.0
2578.16,3 Ave & 77 St,90,0,0.0
2578.17,4 Ave & 76 St,52,0,0.0
2615.05,Bay Ridge Pkwy & 5 Ave,76,0,0.0
2625.01,78 St & Ridge Blvd,62,0,0.0
2635.08,Shore Rd & 80 St,53,0,0.0
2660.09,4 Ave & 72 St,80,0,0.0
2671.05,77 St & Colonial Rd,29,0,0.0
2698.07,68 St & 5 Ave,96,0,0.0
2708.07,73 St & Ridge Blvd,89,0,0.0
2717.06,Shore Rd & 74 St,94,0,0.0
2733.03,67 St & Erik Pl,344,0,0.0
2743.04,68 St & 4 Ave,80,0,0.0
2754.05,Colonial Rd & 71 St,46,0,0.0
2782.02,5 Ave & 67 St,354,0,0.0
2793.07,Ovington Ave & 3 Ave,97,0,0.0
2818.01,Ditmas Ave & McDonald Ave,34,0,0.0
2821.05,7 Ave & 62 St,364,0,0.0
2832.03,4 Ave & Shore Road Dr,343,0,0.0
2843.01,Colonial Rd & 68 St,101,0,0.0
2843.13,70 St & Ridge Blvd,95,0,0.0
2861.02,57 St & 7 Ave,361,0,0.0
2868.03,15 Ave & 37 St,47,0,0.0
2872.02,63 St & 5 Ave,340,0,0.0
2883.03,3 Ave & Wakeman Pl,354,0,0.0
2898.01,Cortelyou Rd & Stratford Rd,364,0,0.0
2908.02,E 3 St & Cortelyou Rd,68,0,0.0
2912.08,6 Ave & 60 St,355,0,0.0
2923.01,62 St & 4 Ave,357,0,0.0
2932.03,Wakeman Pl & Ridge Blvd,349,0,0.0
2942.07,Shore Pkwy Greenway & Bay Ridge Ave,101,0,0.0
2947.05,Cortelyou Rd & E 8 St,91,0,0.0
2951.05,55 St & 7 Ave,362,0,0.0
2957.08,Ave C & McDonald Ave,29,0,0.0
2961.05,59 St & 5 Ave,348,0,0.0
2971.02,64 St & 3 Ave,270,0,0.0
2981.03,Colonial Rd & Wakeman Pl,72,0,0.0
2984.04,Cortelyou Rd & Argyle Rd,366,0,0.0
2996.05,Ocean Pkwy & Ave C,90,0,0.0
3000.08,6 Ave & 55 St,361,0,0.0
3007.05,Church Ave & Story St,362,0,0.0
3011.03,59 St & 4 Ave,363,0,0.0
3019.02,65 St & 2 Ave,229,0,0.0
3022.01,Cortelyou Rd & E 19 St,366,0,0.0
3034.02,Matthews Ct & Coney Island Ave,359,0,0.0
3038.08,50 St & 7 Ave,364,0,0.0
3046.03,E 3 St & Church Ave,362,0,0.0
3050.03,55 St & 5 Ave,331,0,0.0
3056.05,12 Ave & 36 St,362,0,0.0
3056.07,37 St & 13 Ave,91,0,0.0
3070.04,E 16 St & Cortelyou Rd,365,0,0.0
3080.01,E 8 St & Beverley Rd,95,0,0.0
3084.05,52 St & 6 Ave,324,0,0.0
3087.01,Cortelyou Rd & E 34 St,347,0,0.0
3090.06,Church Ave & McDonald Ave,365,0,0.0
3093.07,57 St & 4 Ave,359,0,0.0
3099.01,37 St & Fort Hamilton Pkwy,98,0,0.0
3113.06,Rugby Rd & Beverley Rd,364,0,0.0
3113.1,Stratford Rd & Beverley Rd,35,0,0.0
3113.10,Stratford Rd & Beverley Rd,302,0,0.0
3117.05,46 St & 7 Ave,351,0,0.0
3121.01,Cortelyou Rd & Albany Ave,347,0,0.0
3125.09,Ocean Pkwy & Church Ave,363,0,0.0
3129.08,53 St & 5 Ave,354,0,0.0
3132.09,Beverley Rd & Nostrand Ave,365,0,0.0
3135.04,Chester Ave & 12 Ave,356,0,0.0
3138.03,56 St & 2 Ave,354,0,0.0
3140.09,Bedford Ave & Beverley Rd,364,0,0.0
3148.08,E 17 St & Beverley Rd,364,0,0.0
3148.09,E 19 St & Beverley Rd,364,0,0.0
3157.08,Turner Pl & Coney Island Ave,365,0,0.0
3161.02,46 St & 6 Ave,350,0,0.0
3164.04,Brooklyn Ave & Beverley Rd,278,0,0.0
3166.03,Albemarle Rd & McDonald Ave,365,0,0.0
3169.07,53 St & 4 Ave,360,0,0.0
3172.01,Tilden Ave & Nostrand Ave,299,0,0.0
3178.02,57 St & 1 Ave,329,0,0.0
3180.02,Beverley Rd & Flatbush Ave,365,0,0.0
3180.09,Albemarle Rd & E 21 St,365,0,0.0
3184.07,New Utrecht Ave & 9 Ave,56,0,0.0
3187.01,Beverley Rd & E 49 St,338,0,0.0
3188.04,Rugby Rd & Albemarle Rd,363,0,0.0
3199.01,Caton Ave & E 7 St,365,0,0.0
3202.06,48 St & 5 Ave,338,0,0.0
3205.06,Brooklyn Ave & Tilden Ave,284,0,0.0
3208.07,Dahill Rd & 12 Ave,362,0,0.0
3214.04,Tilden Ave & Lott St,364,0,0.0
3223.07,Ocean Ave & Tennis Ct,365,0,0.0
3229.07,E 48 St & Tilden Ave,267,0,0.0
3230.01,Caton Ave & E 10 St,364,0,0.0
3240.15,Fort Hamilton Pkwy & E 5 St,365,0,0.0
3243.02,47 St & 3 Ave,353,0,0.0
3246.06,New York Ave & Snyder Ave,328,0,0.0
3256.04,Bedford Ave & Albemarle Rd,363,0,0.0
3263.01,E 18 St & Church Ave,365,0,0.0
3266.01,7 Ave & 40 St,365,0,0.0
3272.01,E 8 St & Caton Ave,364,0,0.0
3275.03,45 St & 4 Ave,362,0,0.0
3278.07,Brooklyn Ave & Snyder Ave,331,0,0.0
3280.04,Fort Hamilton Pkwy & E 2 St,365,0,0.0
3283.05,48 St & 2 Ave,285,0,0.0
3286.07,Rogers Ave & Snyder Ave,348,0,0.0
3294.03,E 21 St & Church Ave,365,0,0.0
3300.04,E 49 St & Church Ave,355,0,0.0
3300.06,Snyder Ave & Schenectady Ave,287,0,0.0
3309.04,Church Ave & E 42 St,338,0,0.0
3312.07,Prospect Ave & Greenwood Ave,365,0,0.0
3315.05,44 St & 3 Ave,337,0,0.0
3318.05,E 34 St & Church Ave,348,0,0.0
3327.01,Lott St & Erasmus St,347,0,0.0
3335.09,Caton Ave & St. Pauls Pl,364,0,0.0
3341.06,Church Ave & E 45 St,330,0,0.0
3347.03,41 St & 4 Ave,363,0,0.0
3350.04,E 38 St & Church Ave,354,0,0.0
3353.04,Greenwood Ave & E 4 St,364,0,0.0
3359.01,Church Ave & Nostrand Ave,315,0,0.0
3359.03,Linden Blvd & Nostrand Ave,363,0,0.0
3368.04,Caton Ave & Bedford Ave,365,0,0.0
3373.01,E 51 St & Linden Blvd,329,0,0.0
3376.02,Parade Pl & Crooke Ave,365,0,0.0
3379.03,5 Ave & 37 St,363,0,0.0
3382.04,Troy Ave & Linden Blvd,329,0,0.0
3388.02,41 St & 3 Ave,333,0,0.0
3388.03,40 St & 3 Ave,310,0,0.0
3391.1,E 34 St & Linden Blvd,21,0,0.0
3391.10,E 34 St & Linden Blvd,351,0,0.0
3400.04,Rogers Ave & Lenox Rd,365,0,0.0
3408.05,Ocean Ave & Crooke Ave,365,0,0.0
3420.01,36 St & 4 Ave,365,0,0.0
3423.1,Clarkson Ave & E 40 St,30,0,0.0
3423.10,Clarkson Ave & E 40 St,356,0,0.0
3426.02,Prospect Ave & Vanderbilt St,365,0,0.0
3428.02,42 St & 1 Ave,335,0,0.0
3431.02,New York Ave & Lenox Rd,365,0,0.0
3439.03,Bedford Ave & Clarkson Ave,365,0,0.0
3451.01,34 St & 5 Ave,344,0,0.0
3454.01,Clarkson Ave & Troy Ave,354,0,0.0
3463.01,Clarkson Ave & E 37 St,337,0,0.0
3472.03,Clarkson Ave & Nostrand Ave,365,0,0.0
3480.04,Parkside Ave & Flatbush Ave,365,0,0.0
3486.02,Clarkson Ave & Utica Ave,352,0,0.0
3492.04,34 St & 4 Ave,187,0,0.0
3495.08,Lenox Rd & E 43 St,358,0,0.0
3498.09,Prospect Park SW & 16 St,365,0,0.0
3504.02,New York Ave & Hawthorne St,266,0,0.0
3507.04,Prospect Park W & 20 St,308,0,0.0
3512.03,Winthrop St & Rogers Ave,363,0,0.0
3520.01,Flatbush Ave & Fenimore St,365,0,0.0
3523.06,29 St & 5 Ave,363,0,0.0
3526.04,Winthrop St & Schenectady Ave,333,0,0.0
3535.03,Winthrop St & Albany Ave,362,0,0.0
3538.09,11 Ave & Prospect Ave,365,0,0.0
3544.02,Winthrop St & Nostrand Ave,364,0,0.0
3547.04,19 St & 8 Ave,353,0,0.0
3552.09,Bedford Ave & Fenimore St,365,0,0.0
3564.04,30 St & 4 Ave,364,0,0.0
3567.05,Rutland Rd & E 45 St,350,0,0.0
3576.1,Rutland Rd & Brooklyn Ave,359,0,0.0
3579.04,Windsor Pl & Howard Pl,365,0,0.0
3585.06,Nostrand Ave & Rutland Rd,362,0,0.0
3593.01,Maple St & Flatbush Ave,365,0,0.0
3593.1,Flatbush Ave & Lincoln Rd,365,0,0.0
3596.04,4 Ave & 26 St,362,0,0.0
3608.06,Maple St & Albany Ave,365,0,0.0
3617.02,Maple St & New York Ave,365,0,0.0
3620.02,Windsor Pl & 8 Ave,365,0,0.0
3625.04,Bedford Ave & Maple St,365,0,0.0
3625.07,Rogers Ave & Lincoln Rd,365,0,0.0
3628.11,6 Ave & 21 St,330,0,0.0
3633.08,Lincoln Rd & Ocean Ave,364,0,0.0
3639.04,Schenectady Ave & Maple St,353,0,0.0
3648.08,Kingston Ave & E New York Ave,365,0,0.0
3657.06,Sterling St & Nostrand Ave,362,0,0.0
3660.07,7 Ave & 17 St,365,0,0.0
3665.06,Sterling St & Bedford Ave,365,0,0.0
3668.04,21 St & 4 Ave,365,0,0.0
3671.01,E New York Ave & Utica Ave,286,0,0.0
3680.04,E New York Ave & Troy Ave,325,0,0.0
3688.06,Brooklyn Ave & Lefferts Ave,365,0,0.0
3696.05,Rogers Ave & Sterling St,365,0,0.0
3699.07,17 St & 5 Ave,365,0,0.0
3704.01,Washington Ave & Empire Blvd,362,0,0.0
3707.01,23 St & 3 Ave,348,0,0.0
3710.07,Lefferts Ave & Schenectady Ave,365,0,0.0
3719.02,Lefferts Ave & Albany Ave,365,0,0.0
3728.04,Empire Blvd & New York Ave,360,0,0.0
3728.05,New York Ave & Montgomery St,365,0,0.0
3731.11,14 St & 7 Ave,365,0,0.0
3736.03,Bedford Ave & Montgomery St,365,0,0.0
3739.06,4 Ave & 17 St,359,0,0.0
3751.05,Crown St & Troy Ave,365,0,0.0
3759.07,Kingston Ave & Montgomery St,365,0,0.0
3762.08,10 St & 7 Ave,366,0,0.0
3768.02,Crown St & Rogers Ave,365,0,0.0
3771.06,14 St & 5 Ave,365,0,0.0
3776.05,Montgomery St & Franklin Ave,365,0,0.0
3776.1,McKeever Pl & Sullivan Pl,49,0,0.0
3776.10,McKeever Pl & Sullivan Pl,365,0,0.0
3782.03,Carroll St & Utica Ave,363,0,0.0
3791.02,Albany Ave & Carroll St,365,0,0.0
3803.05,6 Ave & 12 St,365,0,0.0
3803.09,6 Ave & 9 St,365,0,0.0
3811.05,16 St & 4 Ave,364,0,0.0
3822.08,Schenectady Ave & President St,364,0,0.0
3831.03,Kingston Ave & Carroll St,365,0,0.0
3834.1,6 St & 7 Ave,97,0,0.0
3834.10,6 St & 7 Ave,365,0,0.0
3839.02,President St & Nostrand Ave,365,0,0.0
3842.08,10 St & 5 Ave,365,0,0.0
3845.05,Eastern Pkwy & Ralph Ave,358,0,0.0
3847.04,Carroll St & Franklin Ave,365,0,0.0
3850.03,3 Ave & 14 St,365,0,0.0
3862.07,Eastern Pkwy & Troy Ave,363,0,0.0
3871.02,Eastern Pkwy & Brooklyn Ave,362,0,0.0
3874.01,5 St & 6 Ave,365,0,0.0
3877.04,Pitkin Ave & Grafton St,363,0,0.0
3879.04,Union St & Bedford Ave,365,0,0.0
3882.01,12 St & 4 Ave,365,0,0.0
3885.06,Buffalo Ave & St John's Pl,363,0,0.0
3887.03,Carroll St & Washington Ave,361,0,0.0
3893.03,Eastern Pkwy & Schenectady Ave,363,0,0.0
3902.06,Eastern Pkwy & Kingston Ave,364,0,0.0
3905.15,3 St & 7 Ave,365,0,0.0
3911.05,Eastern Pkwy & Nostrand Ave,362,0,0.0
3914.02,7 St & 5 Ave,365,0,0.0
3917.03,St Johns Pl & Howard Ave,355,0,0.0
3919.07,Eastern Pkwy & Franklin Ave (NE Corner),358,0,0.0
3919.12,Eastern Pkwy & Franklin Ave (SW Corner),361,0,0.0
3922.02,10 St & 2 Ave,365,0,0.0
3925.03,Sterling Pl & Rochester Ave,360,0,0.0
3931.09,Bay St & Court St,365,0,0.0
3934.06,Sterling Pl & Schenectady Ave,365,0,0.0
3934.07,Troy Ave & Park Pl,365,0,0.0
3940.04,Sigourney St & Columbia St,365,0,0.0
3943.03,St Johns Pl & Kingston Ave,365,0,0.0
3946.07,1 St & 6 Ave,365,0,0.0
3950.03,Park Pl & Thomas S. Boyland St,363,0,0.0
3952.07,Lincoln Pl & Nostrand Ave,365,0,0.0
3955.05,4 Ave & 9 St,362,0,0.0
3958.02,Sterling Pl & Ralph Ave,359,0,0.0
3960.01,Lincoln Pl & Classon Ave,366,0,0.0
3966.01,St Johns Pl & Utica Ave,365,0,0.0
3966.03,Park Pl & Utica Ave,364,0,0.0
3972.08,Henry St & Bay St,365,0,0.0
3975.02,Albany Ave & Park Pl,365,0,0.0
3978.13,Garfield Pl & 8 Ave,315,0,0.0
3981.1,Dwight St & Van Dyke St,49,0,0.0
3981.10,Dwight St & Van Dyke St,363,0,0.0
3982.01,Eastern Pkwy & St Marks Ave,355,0,0.0
3984.02,Sterling Pl & New York Ave,363,0,0.0
3987.06,5 Ave & 3 St,365,0,0.0
3991.04,Prospect Pl & Howard Ave,358,0,0.0
3993.03,Sterling Pl & Bedford Ave,365,0,0.0
3996.01,7 St & 3 Ave,365,0,0.0
3999.06,Park Pl & Buffalo Ave,362,0,0.0
4001.09,St Johns Pl & Washington Ave,365,0,0.0
4007.01,Schenectady Ave & Prospect Pl,365,0,0.0
4010.01,Plaza St East & Flatbush Ave,361,0,0.0
4010.13,Plaza St West & Flatbush Ave,364,0,0.0
4010.15,Grand Army Plaza & Plaza St West,365,0,0.0
4013.08,Columbia St & Lorraine St,362,0,0.0
4014.01,Pacific St & Sackman St,317,0,0.0
4016.03,Kingston Ave & Park Pl,365,0,0.0
4019.06,Carroll St & 6 Ave,366,0,0.0
4023.01,St Marks Ave & Thomas S. Boyland St,313,0,0.0
4023.05,Pacific St & Thomas S. Boyland St,338,0,0.0
4025.02,Prospect Pl & Nostrand Ave,366,0,0.0
4028.03,3 St & 3 Ave,364,0,0.0
4028.04,4 Ave & 3 St,361,0,0.0
4031.05,St Marks Ave & Ralph Ave,361,0,0.0
4033.16,Sterling Pl & Franklin Ave,365,0,0.0
4033.18,Sterling Pl & Classon Ave,365,0,0.0
4039.04,St Marks Ave & Rochester Ave,365,0,0.0
4042.08,Underhill Ave & Lincoln Pl,365,0,0.0
4045.01,Clinton St & Centre St,365,0,0.0
4048.03,Bergen St & Troy Ave,364,0,0.0
4051.01,Berkeley Pl & 7 Ave,365,0,0.0
4054.06,Dwight St & Dikeman St,362,0,0.0
4055.04,Bergen St & Mother Gaston Blvd,348,0,0.0
4057.04,Brooklyn Ave & Prospect Pl,365,0,0.0
4060.09,Carroll St & 5 Ave,365,0,0.0
4064.03,Bergen St & Saratoga Ave,361,0,0.0
4066.15,Bedford Ave & Bergen St,364,0,0.0
4072.02,Bergen St & Buffalo Ave,361,0,0.0
4074.14,Classon Ave & St Marks Ave,305,0,0.0
4077.04,Smith St & 9 St,364,0,0.0
4080.01,Schenectady Ave & Pacific St,364,0,0.0
4083.13,Park Pl & Vanderbilt Ave,167,0,0.0
4086.05,Columbia St & W 9 St,364,0,0.0
4086.06,Henry St & W 9 St,362,0,0.0
4087.01,Van Sinderen Ave & Atlantic Ave,361,0,0.0
4089.01,Bergen St & Kingston Ave,365,0,0.0
4095.03,Van Brunt St & Wolcott St,364,0,0.0
4095.1,Van Brunt St & Van Dyke St,86,0,0.0
4095.10,Van Brunt St & Van Dyke St,365,0,0.0
4096.08,Dean St & Rockaway Ave,341,0,0.0
4098.06,New York Ave & St Marks Ave,365,0,0.0
4101.17,President St & 4 Ave,365,0,0.0
4105.01,Pacific St & Ralph Ave,362,0,0.0
4107.05,Franklin Ave & St Marks Ave,365,0,0.0
4107.13,Dean St & Franklin Ave,365,0,0.0
4110.1,3 St & Hoyt St,89,0,0.0
4110.10,3 St & Hoyt St,364,0,0.0
4113.01,Pacific St & Rochester Ave,361,0,0.0
4116.08,Prospect Pl & Underhill Ave,365,0,0.0
4116.09,Washington Ave & Park Pl,365,0,0.0
4119.04,Clinton St & 4 Place,365,0,0.0
4120.02,Fulton St & Williams Ave,354,0,0.0
4122.03,Pacific St & Troy Ave,365,0,0.0
4125.07,7 Ave & Park Pl,366,0,0.0
4125.13,Park Pl & Carlton Ave,167,0,0.0
4128.08,Pioneer St & Richards St,364,0,0.0
4129.1,Herkimer St & Eastern Pkwy,16,0,0.0
4129.10,Herkimer St & Eastern Pkwy,348,0,0.0
4131.03,Brooklyn Ave & Dean St,365,0,0.0
4134.06,Berkeley Pl & 6 Ave,350,0,0.0
4137.1,Coffey St & Conover St,71,0,0.0
4137.10,Coffey St & Conover St,363,0,0.0
4137.14,Coffey St & Ferris St,365,0,0.0
4138.04,Thomas S. Boyland St & Fulton St,335,0,0.0
4140.03,Pacific St & Nostrand Ave,365,0,0.0
4143.04,3 Ave & Carroll St,365,0,0.0
4146.02,Columbus Pl & Atlantic Ave,363,0,0.0
4148.07,Pacific St & Classon Ave,365,0,0.0
4151.01,Smith St & 3 St,365,0,0.0
4154.02,Pacific St & Utica Ave,363,0,0.0
4157.1,Bergen St & Vanderbilt Ave,110,0,0.0
4157.10,Bergen St & Vanderbilt Ave,365,0,0.0
4157.15,Prospect Pl & Vanderbilt Ave,365,0,0.0
4161.01,Van Sinderen Ave & Truxton St,363,0,0.0
4166.08,Prospect Pl & 6 Ave,366,0,0.0
4169.04,Pioneer St & Van Brunt St,364,0,0.0
4170.08,Somers St & Rockaway Ave,365,0,0.0
4172.04,Herkimer St & New York Ave,366,0,0.0
4175.14,Douglass St & 4 Ave,365,0,0.0
4175.15,Union St & 4 Ave,365,0,0.0
4179.03,Fulton St & Saratoga Ave,359,0,0.0
4181.1,Brevoort Pl & Bedford Ave,85,0,0.0
4181.10,Brevoort Pl & Bedford Ave,365,0,0.0
4184.08,President St & Hoyt St,365,0,0.0
4187.04,Sumpter St & Fulton St,361,0,0.0
4190.06,Grand Ave & Bergen St,365,0,0.0
4193.14,1 Pl & Clinton St,365,0,0.0
4196.01,Lewis Ave & Fulton St,364,0,0.0
4196.05,Chauncey St & Stuyvesant Ave,365,0,0.0
4199.12,Carlton Ave & Dean St,365,0,0.0
4202.04,Richards St & Delavan St,359,0,0.0
4203.04,Somers St & Broadway,345,0,0.0
4205.06,Kingston Ave & Herkimer St,365,0,0.0
4208.01,Sterling Pl & 5 Ave,365,0,0.0
4212.01,MacDougal St & Rockaway Ave,357,0,0.0
4214.03,Macon St & Nostrand Ave,344,0,0.0
4214.04,Verona Pl & Fulton St,365,0,0.0
4217.02,Douglass St & 3 Ave,365,0,0.0
4217.06,Degraw St & 3 Ave,364,0,0.0
4220.02,Ralph Ave & Fulton St,365,0,0.0
4222.02,Lefferts Pl & Franklin Ave,365,0,0.0
4225.14,Carroll St & Smith St,365,0,0.0
4228.02,Fulton St & Utica Ave,365,0,0.0
4228.06,Chauncey St & Malcolm X Blvd,364,0,0.0
4231.04,Underhill Ave & Pacific St,365,0,0.0
4237.01,Lewis Ave & Decatur St,364,0,0.0
4237.02,Albany Ave & Fulton St,365,0,0.0
4243.01,Commerce St & Van Brunt St,365,0,0.0
4244.06,Broadway & Furman Ave,362,0,0.0
4246.02,MacDonough St & Marcy Ave,366,0,0.0
4249.01,St Marks Pl & 4 Ave,365,0,0.0
4253.02,Thomas S. Boyland St & Marion St,365,0,0.0
4255.05,Hancock St & Bedford Ave,365,0,0.0
4258.07,Degraw St & Hoyt St,365,0,0.0
4261.03,Patchen Ave & Bainbridge St,362,0,0.0
4263.12,Fulton St & Irving Pl,365,0,0.0
4266.03,Clinton St & Union St,365,0,0.0
4278.03,Marcus Garvey Blvd & Macon St,365,0,0.0
4281.08,Bergen St & Flatbush Ave,365,0,0.0
4285.09,Rockaway Ave & Bainbridge St,364,0,0.0
4290.06,Wyckoff St & 3 Ave,365,0,0.0
4293.05,Chauncey St & Howard Ave,365,0,0.0
4298.05,Degraw St & Smith St,366,0,0.0
4301.04,Macon St & Patchen Ave,365,0,0.0
4301.07,MacDonough St & Malcolm X Blvd,365,0,0.0
4307.13,President St & Henry St,365,0,0.0
4310.06,Macon St & Lewis Ave,365,0,0.0
4317.05,Bushwick Ave & Furman Ave,365,0,0.0
4319.07,Halsey St & Tompkins Ave,365,0,0.0
4322.06,Bergen St & 4 Ave,332,0,0.0
4325.03,Thomas S. Boyland St & Macon St,365,0,0.0
4327.09,Putnam Ave & Nostrand Ave,365,0,0.0
4330.09,Hoyt St & Warren St,365,0,0.0
4334.02,Halsey St & Ralph Ave,365,0,0.0
4336.01,Monroe St & Classon Ave,365,0,0.0
4339.01,Butler St & Court St,365,0,0.0
4342.04,Hancock St & Malcolm X Blvd,311,0,0.0
4345.11,Fulton St & Waverly Ave,365,0,0.0
4348.07,Carroll St & Columbia St,365,0,0.0
4354.05,S Portland Ave & Hanson Pl,341,0,0.0
4354.07,Atlantic Ave & Fort Greene Pl,365,0,0.0
4357.01,Moffat St & Bushwick,365,0,0.0
4362.04,Pacific St & Nevins St,365,0,0.0
4366.01,Halsey St & Broadway,365,0,0.0
4366.1,Decatur St & Saratoga Ave,49,0,0.0
4366.10,Decatur St & Saratoga Ave,341,0,0.0
4368.05,Monroe St & Bedford Ave,365,0,0.0
4371.01,Warren St & Smith St,365,0,0.0
4375.02,Jefferson Ave & Patchen Ave,365,0,0.0
4377.04,Cambridge Pl & Gates Ave,365,0,0.0
4380.08,Henry St & Degraw St,365,0,0.0
4383.06,Hancock St & Stuyvesant Ave,365,0,0.0
4386.05,Fulton St & Clermont Ave,365,0,0.0
4386.07,Carlton Ave & Greene Ave,365,0,0.0
4392.04,Putnam Ave & Throop Ave,365,0,0.0
4395.07,Hanson Pl & Ashland Pl,361,0,0.0
4399.03,Eldert St & Bushwick Ave,365,0,0.0
4401.04,Marcy Ave & Gates Ave,365,0,0.0
4404.1,Bond St & Bergen St,92,0,0.0
4404.10,Bond St & Bergen St,364,0,0.0
4408.07,Macon St & Howard Ave,365,0,0.0
4410.02,Franklin Ave & Quincy St,365,0,0.0
4413.08,Warren St & Court St,365,0,0.0
4416.1,Madison St & Malcolm X Blvd,64,0,0.0
4416.10,Madison St & Malcolm X Blvd,364,0,0.0
4419.03,Washington Ave & Greene Ave,153,0,0.0
4422.04,Columbia St & Degraw St,365,0,0.0
4422.05,Columbia St & Kane St,365,0,0.0
4425.02,Lewis Ave & Madison St,364,0,0.0
4428.02,Cumberland St & Lafayette Ave,366,0,0.0
4432.1,Central Ave & Decatur St,48,0,0.0
4432.10,Central Ave & Decatur St,365,0,0.0
4434.06,Monroe St & Tompkins Ave,365,0,0.0
4437.01,3 Ave & Schermerhorn St,365,0,0.0
4437.09,Nevins St & Schermerhorn St,366,0,0.0
4441.06,Broadway & Hancock St,365,0,0.0
4446.01,Bergen St & Smith St,359,0,0.0
4446.03,Pacific St & Smith St,365,0,0.0
4446.05,Dean St & Hoyt St,364,0,0.0
4450.06,Putnam Ave & Ralph Ave,364,0,0.0
4452.03,Lexington Ave & Classon Ave,365,0,0.0
4455.1,Congress St & Clinton St,96,0,0.0
4455.10,Congress St & Clinton St,308,0,0.0
4455.11,Kane St & Clinton St,365,0,0.0
4458.06,Stuyvesant Ave & Gates Ave,365,0,0.0
4461.01,Clermont Ave & Lafayette Ave,365,0,0.0
4461.04,DeKalb Ave & Vanderbilt Ave,329,0,0.0
4461.07,Waverly Ave & Lafayette Ave,213,0,0.0
4467.03,Monroe St & Marcus Garvey Blvd,365,0,0.0
4470.09,Lafayette Ave & Ft Greene Pl,353,0,0.0
4474.01,Halsey St & Evergreen Ave,364,0,0.0
4476.03,Marcy Ave & Lafayette Ave,365,0,0.0
4479.06,Bond St & Fulton St,365,0,0.0
4479.1,Schermerhorn St & Hoyt St,106,0,0.0
4479.10,Schermerhorn St & Hoyt St,365,0,0.0
4483.1,Broadway & Madison St,77,0,0.0
4483.10,Broadway & Madison St,365,0,0.0
4485.1,Clifton Pl & Bedford Ave,102,0,0.0
4485.10,Clifton Pl & Bedford Ave,365,0,0.0
4488.10,Amity St & Court St,37,0,0.0
4491.09,Monroe St & Patchen Ave,365,0,0.0
4494.04,Lafayette Ave & St James Pl,365,0,0.0
4497.09,Congress St & Hicks St,281,0,0.0
4500.07,Lexington Ave & Stuyvesant Ave,365,0,0.0
4507.07,Wilson Ave & Moffat St,365,0,0.0
4510.04,Greene Ave & Throop Ave,365,0,0.0
4513.06,DeKalb Ave & Hudson Ave,336,0,0.0
4513.09,Ashland Pl & Dekalb Ave,357,0,0.0
4517.03,Jefferson Ave & Evergreen Ave,365,0,0.0
4519.02,Greene Ave & Nostrand Ave,365,0,0.0
4519.04,Kosciuszko St & Nostrand Ave,365,0,0.0
4522.07,State St & Smith St,365,0,0.0
4526.01,Grove St & Broadway,365,0,0.0
4528.01,DeKalb Ave & Franklin Ave,365,0,0.0
4528.03,Lafayette Ave & Franklin Ave,362,0,0.0
4531.05,Henry St & Atlantic Ave,301,0,0.0
4534.06,Lexington Ave & Patchen Ave,365,0,0.0
4543.07,Lewis Ave & Greene Ave,361,0,0.0
4546.06,DeKalb Ave & S Portland Ave,331,0,0.0
4550.05,Central Ave & Covert St,366,0,0.0
4553.04,Kosciuszko St & Tompkins Ave,364,0,0.0
4560.01,Madison St & Evergreen Ave,365,0,0.0
4562.02,DeKalb Ave & Bedford Ave,365,0,0.0
4565.07,Schermerhorn St & Court St,366,0,0.0
4568.01,Van Buren St & Broadway,365,0,0.0
4576.11,Lafayette Ave & Stuyvesant Ave,365,0,0.0
4582.08,Knickerbocker Ave & Moffat St,365,0,0.0
4587.02,Willoughby St & Ashland Pl,365,0,0.0
4591.04,Central Ave & Weirfield St,365,0,0.0
4593.05,Marcy Ave & Hart St,366,0,0.0
4596.05,Duffield St & Willoughby St,366,0,0.0
4596.09,Lawrence St & Willoughby St,364,0,0.0
4600.09,Bushwick Ave & Linden St,365,0,0.0
4605.04,Clinton St & Joralemon St,365,0,0.0
4608.01,Broadway & Kosciuszko St,365,0,0.0
4611.03,Willoughby Ave & Hall St,365,0,0.0
4614.04,Atlantic Ave & Furman St,364,0,0.0
4615.01,Wyckoff Ave & Cooper Ave,356,0,0.0
4617.01,Lewis Ave & Kosciuszko St,365,0,0.0
4620.02,Adelphi St & Myrtle Ave,365,0,0.0
4623.02,Knickerbocker Ave & Halsey St,365,0,0.0
4625.01,Pulaski St & Throop Ave,365,0,0.0
4628.05,Willoughby St & Fleet St,365,0,0.0
4628.07,Myrtle Ave & Fleet Pl,365,0,0.0
4632.1,Central Ave & Woodbine St,73,0,0.0
4632.10,Central Ave & Woodbine St,365,0,0.0
4634.02,Willoughby Ave & Walworth St,365,0,0.0
4637.06,Fulton St & Adams St,366,0,0.0
4640.01,Bushwick Ave & Harman St,365,0,0.0
4645.04,Henry St & Remsen St,325,0,0.0
4648.03,Malcolm X Blvd & DeKalb Ave,316,0,0.0
4651.02,Clinton Ave & Myrtle Ave,365,0,0.0
4654.01,Norman St & Wyckoff Ave,365,0,0.0
4656.03,Pulaski St & Marcus Garvey Blvd,365,0,0.0
4663.02,Knickerbocker Ave & Hancock St,365,0,0.0
4663.06,Putnam Ave & Knickerbocker Ave,365,0,0.0
4665.02,Willoughby Ave & Tompkins Ave,365,0,0.0
4668.08,Johnson St & Gold St,366,0,0.0
4672.01,Menahan St & Central Ave,365,0,0.0
4677.01,Cadman Plaza E & Tillary St,365,0,0.0
4677.06,Montague St & Clinton St,365,0,0.0
4680.05,Bushwick Ave & Dekalb Ave,365,0,0.0
4683.02,Emerson Pl & Myrtle Ave,364,0,0.0
4687.03,Cypress Ave & St Felix Ave,354,0,0.0
4689.03,Suydam St & Broadway,365,0,0.0
4689.08,Stuyvesant Ave & Hart St,363,0,0.0
4692.01,Clermont Ave & Park Ave,365,0,0.0
4695.04,Irving Ave & Halsey St,364,0,0.0
4700.06,Park Ave & St Edwards St,365,0,0.0
4707.03,Myrtle Ave & Marcy Ave,365,0,0.0
4707.04,Nostrand Ave & Myrtle Ave,362,0,0.0
4710.06,Jay St & Tech Pl,365,0,0.0
4713.01,Central Ave & Himrod St,365,0,0.0
4715.01,Franklin Ave & Myrtle Ave,365,0,0.0
4718.08,Pierrepont St & Monroe Pl,365,0,0.0
4718.11,Montague St & Hicks St,336,0,0.0
4719.04,St Felix Ave & 61 St,364,0,0.0
4721.01,Cedar St & Evergreen Ave,364,0,0.0
4724.03,Washington Ave & Park Ave,365,0,0.0
4727.06,Summerfield St & Cypress Ave,359,0,0.0
4729.01,Myrtle Ave & Lewis Ave,338,0,0.0
4732.04,Carlton Ave & Park Ave,365,0,0.0
4732.08,Carlton Ave & Flushing Ave,365,0,0.0
4735.03,Putnam Ave & Wyckoff Ave,365,0,0.0
4735.16,Hancock St & Wyckoff Ave,365,0,0.0
4743.04,Linden St & Knickerbocker Ave,364,0,0.0
4748.07,Clinton St & Tillary St,354,0,0.0
4751.01,Cedar St & Myrtle Ave,366,0,0.0
4756.04,Brooklyn Bridge Park - Pier 2,363,0,0.0
4757.06,Seneca Ave & Decatur St,352,0,0.0
4759.02,Willoughby Ave & Myrtle Ave,365,0,0.0
4765.07,Cypress Ave & George St,363,0,0.0
4768.02,Park Ave & Marcus Garvey Blvd,365,0,0.0
4771.07,N Portland Ave & Flushing Ave,365,0,0.0
4775.01,Irving Ave & Palmetto St,365,0,0.0
4778.03,Park Ave & Marcy Ave,363,0,0.0
4781.03,Concord St & Bridge St,365,0,0.0
4781.05,Nassau St & Duffield St,365,0,0.0
4784.02,Greene Ave & Myrtle Ave,364,0,0.0
4789.03,Clark St & Henry St,348,0,0.0
4792.03,Central Ave & Starr St,365,0,0.0
4798.02,Forest Ave & Summerfield St,363,0,0.0
4798.1,Stephen St & Seneca Ave,24,0,0.0
4798.10,Stephen St & Seneca Ave,359,0,0.0
4801.10,Arion Pl & Broadway,37,0,0.0
4807.02,Madison St & Cypress Ave,365,0,0.0
4812.02,Nassau St & Navy St,365,0,0.0
4816.02,Myrtle Ave & Linden St,362,0,0.0
4816.05,Myrtle Ave & Grove St,365,0,0.0
4818.02,Nostrand Ave & Flushing Ave,365,0,0.0
4818.03,Union Ave & Wallabout St,365,0,0.0
4821.03,Sands St & Jay St,365,0,0.0
4821.06,Cadman Plaza E & Red Cross Pl,365,0,0.0
4821.1,Adams St & Prospect St,83,0,0.0
4821.10,Adams St & Prospect St,365,0,0.0
4824.03,Stockholm St & Wilson Ave,365,0,0.0
4826.04,Wallabout St & Kent Ave,365,0,0.0
4829.01,Columbia Heights & Cranberry St,223,0,0.0
4830.02,61 St & 60 Ln,365,0,0.0
4832.07,Central Ave & Melrose St,365,0,0.0
4837.03,Centre St & Seneca Ave,364,0,0.0
4840.06,Beaver St & Fayette St,365,0,0.0
4846.01,South St & Whitehall St,356,0,0.0
4847.03,Wyckoff Ave & Gates Ave,366,0,0.0
4850.04,Tompkins Ave & Hopkins St,365,0,0.0
4853.06,Bridge St & York St,365,0,0.0
4856.05,Irving Ave & Harman St,365,0,0.0
4861.05,Henry St & Middagh St,301,0,0.0
4862.04,Myrtle Ave & 65 St,364,0,0.0
4862.07,Cooper Ave & 65 Pl,361,0,0.0
4864.09,Wilson Ave & Troutman St,365,0,0.0
4871.02,71 Ave & Myrtle Ave,364,0,0.0
4873.08,Evergreen Ave & Noll St,365,0,0.0
4880.11,Madison St & Seneca Ave,366,0,0.0
4883.03,Broadway & Whipple St,365,0,0.0
4889.06,Bus Slip & State St,365,0,0.0
4890.11,Menahan St & Wyckoff Ave,365,0,0.0
4892.02,Lorimer St & Harrison Ave,349,0,0.0
4895.03,Front St & Jay St,333,0,0.0
4895.09,Jay St & York St,365,0,0.0
4895.15,Pearl St & York St,365,0,0.0
4898.02,Irving Ave & DeKalb Ave,365,0,0.0
4903.08,Old Fulton St,364,0,0.0
4903.09,Dock St & Front St,364,0,0.0
4904.03,Cypress Hills St & Otto Rd,352,0,0.0
4906.07,George St & Wilson Ave,365,0,0.0
4912.1,Catalpa Ave & Woodward Ave,66,0,0.0
4912.10,Catalpa Ave & Woodward Ave,365,0,0.0
4914.03,Bushwick Ave & Forrest St,365,0,0.0
4920.13,South St & Broad St,350,0,0.0
4921.04,Cypress Ave & Palmetto St,365,0,0.0
4927.04,Front St & Gold St,365,0,0.0
4931.05,Wyckoff Ave & Stanhope St,365,0,0.0
4933.03,Marcy Ave & Lynch St,353,0,0.0
4933.04,Marcy Ave & Rutledge St,349,0,0.0
4936.01,Front St & Washington St,352,0,0.0
4936.21,Main St & Plymouth St,364,0,0.0
4937.03,65 Pl & Central Ave,52,0,0.0
4939.07,Suydam St & Knickerbocker Ave,365,0,0.0
4945.06,Fresh Pond Rd & 69 Ave,365,0,0.0
4947.04,Central Ave & Flushing Ave,365,0,0.0
4953.04,South St & Gouverneur Ln,364,0,0.0
4953.08,Front St & Pine St,334,0,0.0
4954.07,Madison St & Woodward Ave,365,0,0.0
4956.09,Seigel St & Humboldt St,168,0,0.0
4962.01,Broadway & Battery Pl,364,0,0.0
4962.08,Broad St & Bridge St,365,0,0.0
4962.09,Pearl St & Whitehall St,361,0,0.0
4963.13,Menahan St & Seneca Ave,365,0,0.0
4965.01,Lorimer St & Broadway,366,0,0.0
4968.03,Bridge St & Front St,365,0,0.0
4971.01,Hart St & Wyckoff Ave,365,0,0.0
4977.03,65 St & Otto Rd,362,0,0.0
4979.07,Knickerbocker Ave & George St,365,0,0.0
4982.02,Taylor St & Bedford Ave,365,0,0.0
4985.09,60 Pl & 67 Ave,358,0,0.0
4987.06,White St & Moore St,364,0,0.0
4993.02,Pearl St & Hanover Square,365,0,0.0
4993.13,Old Slip & South St,363,0,0.0
4993.15,Water St & Gouverneur Ln,365,0,0.0
4994.1,Onderdonk Ave & Gates Ave,58,0,0.0
4994.10,Onderdonk Ave & Gates Ave,365,0,0.0
4996.08,McKibbin St & Manhattan Ave,365,0,0.0
5001.08,Little West St & 1 Pl,366,0,0.0
5002.09,Harman St & Seneca Ave,365,0,0.0
5004.02,Boerum St & Broadway,366,0,0.0
5010.02,Willoughby Ave & Wyckoff Ave,365,0,0.0
5018.06,Knickerbocker Ave & Thames St,365,0,0.0
5024.1,Water St & Fletcher St,104,0,0.0
5024.10,Water St & Fletcher St,365,0,0.0
5025.02,Madison St & Forest Ave,365,0,0.0
5027.02,Bushwick Ave & McKibbin St,365,0,0.0
5033.01,Broadway & Morris St,364,0,0.0
5034.03,Menahan St & Onderdonk Ave,351,0,0.0
5036.06,Leonard St & Boerum St,365,0,0.0
5043.06,Suydam St & St Nicholas Ave,279,0,0.0
5045.05,Division Ave & Hooper St,365,0,0.0
5051.01,Wyckoff Ave & Jefferson St,365,0,0.0
5051.02,Irving Ave & Jefferson St,365,0,0.0
5053.01,Lee Ave & Taylor St,362,0,0.0
5057.07,67 Ave & Fresh Pond Rd,294,0,0.0
5057.09,64 St & Woodbine St,364,0,0.0
5059.02,McKibbin St & Bogart St,365,0,0.0
5065.1,Maiden Ln & Pearl St,104,0,0.0
5065.10,Maiden Ln & Pearl St,365,0,0.0
5065.12,William St & Pine St,322,0,0.0
5065.14,Cliff St & Fulton St,360,0,0.0
5066.03,Fairview Ave & Linden St,253,0,0.0
5068.02,Montrose Ave & Bushwick Ave,366,0,0.0
5073.07,Greenwich St & Rector St,364,0,0.0
5074.08,Woodward Ave & Harman St,288,0,0.0
5076.04,Scholes St & Lorimer St,365,0,0.0
5082.08,Jefferson St & Cypress Ave,364,0,0.0
5084.03,Division Ave & Marcy Ave,365,0,0.0
5090.06,Harrison Pl & Porter Ave,365,0,0.0
5093.01,Bedford Ave & S 9 St,362,0,0.0
5096.12,Peck Slip & South St,364,0,0.0
5097.02,60 Pl & Linden St,364,0,0.0
5099.02,Waterbury St & Stagg St,365,0,0.0
5099.03,White St & Johnson Ave,363,0,0.0
5105.01,Liberty St & Broadway,366,0,0.0
5105.09,Liberty St & Nassau St,365,0,0.0
5106.04,Greene Ave & Grandview Ave,296,0,0.0
5108.01,Scholes St & Manhattan Ave,330,0,0.0
5114.06,West Thames St,365,0,0.0
5114.08,South End Ave & Albany St,365,0,0.0
5115.01,Onderdonk Ave & Dekalb Ave,365,0,0.0
5115.05,Willoughby Ave & Onderdonk Ave,365,0,0.0
5117.05,Stagg St & Union Ave,365,0,0.0
5123.07,Stewart Ave & Johnson Ave,362,0,0.0
5125.03,S 5 Pl & S 5 St,366,0,0.0
5125.07,Broadway & Roebling St,353,0,0.0
5128.04,Catherine St & Monroe St,364,0,0.0
5129.01,Palmetto St & Traffic Ave,350,0,0.0
5134.09,Broadway & Kent Ave,365,0,0.0
5137.1,Spruce St & Nassau St,99,0,0.0
5137.10,Spruce St & Nassau St,365,0,0.0
5137.11,Fulton St & William St,366,0,0.0
5137.12,Gold St & Frankfort St,366,0,0.0
5138.03,60 Pl & Bleecker St,363,0,0.0
5140.06,Bushwick Ave & Stagg St,365,0,0.0
5145.02,Albany St & Greenwich St,364,0,0.0
5148.03,Leonard St & Maujer St,365,0,0.0
5156.05,S 4 St & Rodney St,365,0,0.0
5159.04,Pike St & Monroe St,365,0,0.0
5159.07,South St & Pike St,363,0,0.0
5160.01,Metropolitan Ave & 65 Ln,360,0,0.0
5164.05,Broadway & Berry St,365,0,0.0
5167.06,St James Pl & Pearl St,365,0,0.0
5168.04,Grove St & Fresh Pond Rd,365,0,0.0
5170.01,Stagg St & Morgan Ave,365,0,0.0
5175.08,Fulton St & Broadway,364,0,0.0
5176.04,Bleecker St & Forest Ave,365,0,0.0
5178.06,Graham Ave & Grand St,352,0,0.0
5181.04,Cherry St,365,0,0.0
5184.08,West St & Liberty St,365,0,0.0
5187.03,Hope St & Union Ave,365,0,0.0
5190.07,Madison St & Clinton St,365,0,0.0
5190.09,Clinton St & Cherry St,365,0,0.0
5195.06,S 4 St & Roebling St,365,0,0.0
5198.04,Market St & Cherry St,365,0,0.0
5199.01,65 Ln & Metropolitan Ave,349,0,0.0
5204.05,S 4 St & Wythe Ave,365,0,0.0
5207.01,Centre St & Chambers St,366,0,0.0
5210.01,Powers St & Olive St,365,0,0.0
5216.04,Barclay St & Church St,363,0,0.0
5216.06,Vesey St & Church St,364,0,0.0
5216.07,Vesey St & Greenwich St,365,0,0.0
5217.03,Amory Ct & Metropolitan Ave,365,0,0.0
5219.05,Manhattan Ave & Devoe St,365,0,0.0
5225.02,Flushing Ave & Woodward Ave,365,0,0.0
5225.04,Metropolitan Ave & Flushing Ave,361,0,0.0
5230.02,Rutgers St & Henry St,365,0,0.0
5235.05,S 3 St & Bedford Ave,355,0,0.0
5235.1,Driggs Ave & S 2 St,101,0,0.0
5235.10,Driggs Ave & S 2 St,365,0,0.0
5238.05,St James Pl & Oliver St,365,0,0.0
5247.1,Reade St & Broadway,97,0,0.0
5247.10,Reade St & Broadway,365,0,0.0
5248.05,Eliot Ave & 60 Ln,354,0,0.0
5250.05,Bushwick Ave & Powers St,365,0,0.0
5257.01,53 St & Flushing Ave,365,0,0.0
5259.06,Devoe St & Lorimer St,366,0,0.0
5262.09,Madison St & Montgomery St,337,0,0.0
5267.08,Grand St & Havemeyer St,293,0,0.0
5267.09,Roebling St & N 4 St,365,0,0.0
5270.05,Pike St & E Broadway,365,0,0.0
5270.07,Forsyth St & Canal St,365,0,0.0
5270.09,Market St & Henry St,365,0,0.0
5276.04,S 2 St & Kent Ave,366,0,0.0
5279.03,Centre St & Worth St,365,0,0.0
5280.03,Fresh Pond Rd & Eliot Ave,364,0,0.0
5282.02,Devoe St & Morgan Ave,365,0,0.0
5288.08,Park Pl & Church St,364,0,0.0
5288.09,Warren St & W Broadway,364,0,0.0
5288.12,Murray St & Greenwich St,365,0,0.0
5289.05,56 St & Arnold Ave,351,0,0.0
5291.05,Graham Ave & Conselyea St,365,0,0.0
5294.04,Henry St & Grand St,365,0,0.0
5297.02,Vesey Pl & River Terrace,365,0,0.0
5300.05,Metropolitan Ave & Meeker Ave,365,0,0.0
5300.06,Union Ave & Jackson St,365,0,0.0
5303.06,Clinton St & Grand St,345,0,0.0
5303.06_,Clinton St & Grand St,189,0,0.0
5303.08,Canal St & Rutgers St,366,0,0.0
5308.04,Metropolitan Ave & Bedford Ave,350,0,0.0
5308.04_,Metropolitan Ave & Bedford Ave,177,0,0.0
5311.08,Division St & Bowery,365,0,0.0
5321.08,60 Ave & Fresh Pond Rd,347,0,0.0
5323.06,Sharon St & Olive St,365,0,0.0
5326.06,Stanton St & Mangin St,365,0,0.0
5329.08,Murray St & West St,365,0,0.0
5332.1,Jackson St & Leonard St,89,0,0.0
5332.10,Jackson St & Leonard St,365,0,0.0
5335.03,Bialystoker Pl & Delancey St,365,0,0.0
5335.07,Grand St & Samuel Dickstein Plaza,366,0,0.0
5340.01,N 7 St & Driggs Ave,365,0,0.0
5343.1,Allen St & Hester St,106,0,0.0
5343.10,Allen St & Hester St,365,0,0.0
5343.11,Orchard St & Grand St,365,0,0.0
5348.06,Kent Ave & N 3 St,94,0,0.0
5348.06_old,Kent Ave & N 3 St,7,0,0.0
5351.07,Walker St & Baxter St,363,0,0.0
5354.01,Morgan Ave & Maspeth Ave,364,0,0.0
5359.1,Hudson St & Reade St,106,0,0.0
5359.10,Hudson St & Reade St,365,0,0.0
5359.11,Leonard St & Church St,364,0,0.0
5359.12,Duane St & Hudson St,365,0,0.0
5359.13,Church St & Worth St,361,0,0.0
5360.02,60 St & 60 Rd,346,0,0.0
5362.08,Withers St & Kingsland Ave,322,0,0.0
5365.02,Columbia St & Rivington St,356,0,0.0
5368.03,River Ter & Warren St,365,0,0.0
5371.07,Frost St & Meeker Ave,365,0,0.0
5374.01,Norfolk St & Broome St,364,0,0.0
5379.09,Berry St & N 8 St,365,0,0.0
5379.1,N 6 St & Bedford Ave,108,0,0.0
5379.10,N 6 St & Bedford Ave,365,0,0.0
5382.06,Grand St & Elizabeth St,365,0,0.0
5382.07,Forsyth St & Grand St,365,0,0.0
5388.01,Kent Ave & Grand St,358,0,0.0
5391.06,Lispenard St & Broadway,363,0,0.0
5392.04,63 St & 59 Dr,316,0,0.0
5400.05,Harrison St & Hudson St,364,0,0.0
5401.03,59 St & 59 Rd,293,0,0.0
5403.04,Graham Ave & Withers St,344,0,0.0
5403.05,Graham Ave & Herbert St,365,0,0.0
5406.02,Rivington St & Ridge St,365,0,0.0
5406.04,Pitt St & Stanton St,365,0,0.0
5411.07,Union Ave & N 12 St,317,0,0.0
5411.08,Driggs Ave & N 9 St,366,0,0.0
5414.06,Allen St & Rivington St,365,0,0.0
5414.07,Delancey St & Eldridge St,365,0,0.0
5419.04,N 5 St & Wythe Ave,365,0,0.0
5422.04,Howard St & Lafayette St,365,0,0.0
5422.09,Lafayette St & Grand St,365,0,0.0
5430.08,Franklin St & W Broadway,366,0,0.0
5430.1,6 Ave & Walker St,96,0,0.0
5430.10,6 Ave & Walker St,362,0,0.0
5431.01,60 Pl & Flushing Ave,327,0,0.0
5433.03,Richardson St & N Henry St,365,0,0.0
5433.04,Frost St & Debevoise Ave,362,0,0.0
5436.09,Ave D & E 3 St,365,0,0.0
5436.11,E Houston St & Columbia St,365,0,0.0
5440.05,57 St & Grand Ave,347,0,0.0
5442.05,Bayard St & Leonard St,346,0,0.0
5442.09,Manhattan Ave & Leonard St,365,0,0.0
5445.02,Suffolk St & Stanton St,364,0,0.0
5445.07,Stanton St & Norfolk St,365,0,0.0
5450.01,N 10 St & Berry St,365,0,0.0
5450.04,N 12 St & Bedford Ave,359,0,0.0
5453.01,Rivington St & Chrystie St,365,0,0.0
5453.05,Forsyth St & Broome St,355,0,0.0
5453.06,Kenmare St & Elizabeth St,354,0,0.0
5458.02,N 5 St & Northside Piers,363,0,0.0
5470.1,Greenwich St & Hubert St,92,0,0.0
5470.10,Greenwich St & Hubert St,365,0,0.0
5470.12,North Moore St & Greenwich St,365,0,0.0
5470.13,Hudson St & N Moore St,364,0,0.0
5471.04,Grand Ave & 58 Ave,353,0,0.0
5473.03,Engert Ave & McGuinness Blvd,359,0,0.0
5473.06,Monitor St & Meeker Ave,365,0,0.0
5476.03,E 2 St & Ave C,365,0,0.0
5481.04,Driggs Ave & Lorimer St,359,0,0.0
5484.09,Allen St & Stanton St,365,0,0.0
5489.03,Kent Ave & N 7 St,359,0,0.0
5489.04,N 11 St & Kent Ave,365,0,0.0
5489.06,N 9 St & Wythe Ave,365,0,0.0
5492.05,Cleveland Pl & Spring St,365,0,0.0
5500.02,Grand St & Greene St,362,0,0.0
5501.06,Fresh Pond Rd & Flushing Ave,345,0,0.0
5503.01,Morgan Ave & Lombardy St,365,0,0.0
5506.1,Ave D & E 8 St,91,0,0.0
5506.10,Ave D & E 8 St,365,0,0.0
5506.14,E 6 St & Ave D,331,0,0.0
5509.02,Washington St & Laight St,365,0,0.0
5510.02,57 Rd & 59 St,352,0,0.0
5510.05,57 Rd & 58 St,237,0,0.0
5515.02,E 2 St & Ave B,364,0,0.0
5515.08,E 4 St & Ave B,365,0,0.0
5520.09,N 15 St & Wythe Ave,365,0,0.0
5523.02,Stanton St & Chrystie St,366,0,0.0
5532.01,Mercer St & Spring St,362,0,0.0
5539.06,Laight St & Hudson St,363,0,0.0
5539.08,Varick St & Watts St,125,0,0.0
5540.06,56 Dr & 61 St,324,0,0.0
5542.04,Driggs Ave & N Henry St,366,0,0.0
5545.01,E 7 St & Ave C,365,0,0.0
5545.04,E 5 St & Ave C,365,0,0.0
5550.05,Bedford Ave & Nassau Ave,322,0,0.0
5550.09,Leonard St & Nassau Ave,319,0,0.0
5553.03,E 3 St & 1 Ave,364,0,0.0
5553.1,E 2 St & Ave A,106,0,0.0
5553.10,E 2 St & Ave A,365,0,0.0
5558.04,Wythe Ave & N 13 St,344,0,0.0
5561.04,Mott St & Prince St,365,0,0.0
5561.06,Lafayette St & Jersey St,366,0,0.0
5569.06,W Broadway & Spring St,365,0,0.0
5569.07,W Broadway & Watts St,365,0,0.0
5570.04,Grand Ave & Remsen Pl,364,0,0.0
5572.07,Van Dam St & Meeker Ave,365,0,0.0
5575.08,Ave D & E 12 St,365,0,0.0
5575.13,Ave D & E 10 St,365,0,0.0
5578.02,Watts St & Greenwich St,365,0,0.0
5579.02,56 Dr & 59 St,355,0,0.0
5581.01,Nassau Ave & Russell St,365,0,0.0
5584.04,E 6 St & Ave B,365,0,0.0
5584.05,E 7 St & Ave B,365,0,0.0
5593.01,E 1 St & 1 Ave,365,0,0.0
5593.02,E 2 St & 2 Ave,365,0,0.0
5593.04,E 4 St & 2 Ave,365,0,0.0
5602.06,Greene St & Prince St,365,0,0.0
5610.09,6 Ave & Broome St,363,0,0.0
5611.04,61 St & Borden Ave,333,0,0.0
5611.05,63 St & Borden Ave,281,0,0.0
5613.04,Kingsland Ave & Nassau Ave,366,0,0.0
5616.01,E 9 St & Ave C,319,0,0.0
5616.08,E 12 St & Ave C,365,0,0.0
5623.03,Nassau Ave & Newell St,365,0,0.0
5626.06,E 5 St & Ave A,366,0,0.0
5626.07,E 7 St & Ave A,365,0,0.0
5626.13,St Marks Pl & 1 Ave,366,0,0.0
5626.15,1 Ave & E 6 St,365,0,0.0
5633.04,Banker St & Meserole Ave,363,0,0.0
5636.11,Great Jones St,365,0,0.0
5636.13,E 1 St & Bowery,366,0,0.0
5644.05,W Broadway & W Houston St,366,0,0.0
5653.12,Spring St & Hudson St,357,0,0.0
5656.03,N Henry St & Norman Ave,365,0,0.0
5659.05,E 10 St & Ave A,365,0,0.0
5659.11,E 11 St & Ave B,363,0,0.0
5666.04,Meserole Ave & Manhattan Ave,365,0,0.0
5666.11,Norman Ave & Leonard St,344,0,0.0
5669.1,St Marks Pl & 2 Ave,102,0,0.0
5669.10,St Marks Pl & 2 Ave,365,0,0.0
5669.12,E 6 St & 2 Ave,366,0,0.0
5676.04,Calyer St & West St,332,0,0.0
5679.05,Mercer St & Bleecker St,365,0,0.0
5679.08,Bleecker St & Crosby St,366,0,0.0
5687.04,MacDougal St & Prince St,365,0,0.0
5687.11,King St & Varick St,365,0,0.0
5688.02,64 St & 53 Dr,347,0,0.0
5696.03,Pier 40 - Hudson River Park,365,0,0.0
5703.13,Ave A & E 11 St,365,0,0.0
5709.04,Lorimer St & Calyer St,324,0,0.0
5712.03,Cooper Square & Astor Pl,365,0,0.0
5712.12,E 5 St & Cooper Sq,365,0,0.0
5721.01,Sullivan St & Washington Sq,364,0,0.0
5721.07,Thompson St & Bleecker St,364,0,0.0
5721.14,LaGuardia Pl & W 3 St,365,0,0.0
5730.08,Greenwich St & W Houston St,365,0,0.0
5736.09,E 14 St & Ave B,317,0,0.0
5746.02,E 10 St & 2 Ave,310,0,0.0
5746.14,E 11 St & 1 Ave,366,0,0.0
5752.07,Milton St & Franklin St,365,0,0.0
5752.09,Greenpoint Ave & West St,365,0,0.0
5755.01,Washington Pl & Broadway,365,0,0.0
5755.14,University Pl & E 8 St,364,0,0.0
5755.15,Washington Pl & Greene St,364,0,0.0
5763.03,Carmine St & 6 Ave,365,0,0.0
5764.02,65 Pl & 53 Ave,363,0,0.0
5769.06,Ave C & E 16 St,365,0,0.0
5772.05,Morton St & Greenwich St,365,0,0.0
5779.08,1 Ave & E 16 St,365,0,0.0
5779.09,E 13 St & Ave A,365,0,0.0
5779.1,E 14 St & 1 Ave,101,0,0.0
5779.10,E 14 St & 1 Ave,346,0,0.0
5779.11,Ave A & E 14 St,353,0,0.0
5785.05,Greenpoint Ave & Manhattan Ave,362,0,0.0
5785.1,Kent St & McGuinness Blvd,79,0,0.0
5785.10,Kent St & McGuinness Blvd,365,0,0.0
5788.12,E 12 St & 3 Ave,362,0,0.0
5788.13,Lafayette St & E 8 St,365,0,0.0
5788.15,4 Ave & E 12 St,364,0,0.0
5788.16,E 11 St & 3 Ave,365,0,0.0
5794.05,India St Pier,365,0,0.0
5797.01,MacDougal St & Washington Sq,364,0,0.0
5805.05,Barrow St & Hudson St,364,0,0.0
5805.07,7 Ave S & Bleecker St,365,0,0.0
5806.01,53 Ave & 62 St,364,0,0.0
5820.08,E 13 St & 2 Ave,365,0,0.0
5826.02,India St & Manhattan Ave,364,0,0.0
5838.09,Washington Pl & 6 Ave,362,0,0.0
5845.02,Woodhaven Blvd & Hoffman Dr,365,0,0.0
5847.01,Christopher St & Greenwich St,364,0,0.0
5847.08,Washington St & Barrow St,364,0,0.0
5847.09,Washington St & W 10 St,171,0,0.0
5851.01,Greenpoint Ave & Monitor St,357,0,0.0
5854.09,1 Ave & E 18 St,365,0,0.0
5860.02,Green St & McGuinness Blvd,365,0,0.0
5863.07,E 15 St & 3 Ave,366,0,0.0
5869.04,Huron St & Franklin St,365,0,0.0
5872.08,E 10 St & 5 Ave,301,0,0.0
5872.1,E 9 St & 5 Ave,100,0,0.0
5872.10,E 9 St & 5 Ave,363,0,0.0
5878.02,60 Ave & Junction Blvd,361,0,0.0
5880.02,W 4 St & 7 Ave S,363,0,0.0
5886.13,E 20 St & FDR Dr,366,0,0.0
5887.03,Queens Blvd & 56 Ave,365,0,0.0
5896.01,E 17 St & 2 Ave,365,0,0.0
5902.07,Eagle St & Manhattan Ave,366,0,0.0
5905.12,Broadway & E 14 St,365,0,0.0
5905.14,University Pl & E 14 St,366,0,0.0
5914.03,W 11 St & 6 Ave,364,0,0.0
5914.08,Greenwich Ave & Charles St,364,0,0.0
5920.03,94 St & 57 Ave,361,0,0.0
5922.04,Greenwich St & Perry St,363,0,0.0
5922.07,Perry St & Bleecker St,365,0,0.0
5922.08,Bank St & Hudson St,366,0,0.0
5923.02,51 Ave & 61 St,356,0,0.0
5929.01,E 23 St & 1 Ave,365,0,0.0
5929.07,E 23 St & FDR Dr,300,0,0.0
5930.02,Queens Blvd & Broadway,329,0,0.0
5938.01,E 19 St & 3 Ave,365,0,0.0
5938.11,E 16 St & Irving Pl,359,0,0.0
5944.01,Franklin St & Dupont St,365,0,0.0
5945.01,60 Ave & Otis Ave,348,0,0.0
5947.04,W 13 St & 5 Ave,363,0,0.0
5947.06,E 15 St & 5 Ave,363,0,0.0
5953.03,97 St & 57 Ave,363,0,0.0
5955.12,Perry St & Greenwich Ave,350,0,0.0
5956.04,64 St & 51 Ave,360,0,0.0
5956.05,50 Ave & 65 St,364,0,0.0
5962.04,56 Ave & 92 St,363,0,0.0
5964.01,Bank St & Washington St,365,0,0.0
5971.08,E 20 St & 2 Ave,365,0,0.0
5971.09,E 22 St & 2 Ave,365,0,0.0
5977.01,McGuinness Blvd & Eagle St,365,0,0.0
5980.1,E 17 St & Broadway,109,0,0.0
5980.10,E 17 St & Broadway,365,0,0.0
5980.11,Broadway & E 19 St,365,0,0.0
5983.04,43 St & 50 Ave,365,0,0.0
5987.03,99 St & 58 Ave,336,0,0.0
5989.02,W 15 St & 6 Ave,364,0,0.0
5992.02,36 St & Hunters Point Ave,351,0,0.0
5995.07,56 Ave & Junction Blvd,331,0,0.0
5997.1,W 12 St & Hudson St,105,0,0.0
5997.10,W 12 St & Hudson St,365,0,0.0
5998.09,61 St & Laurel Hill Blvd,353,0,0.0
6004.06,E 27 St & 1 Ave,365,0,0.0
6004.07,E 25 St & 1 Ave,365,0,0.0
6005.04,55 Ave & 90 St,362,0,0.0
6013.12,Gramercy Park N & Gramercy Park E,365,0,0.0
6014.01,St James Ave & 51 Ave,346,0,0.0
6016.06,48 St & 50 Ave,365,0,0.0
6019.04,Ash St & Manhattan Ave,365,0,0.0
6020.02,Waldron St & 108 St,322,0,0.0
6022.04,E 16 St & 5 Ave,363,0,0.0
6025.08,39 St & 50 Ave,365,0,0.0
6028.01,57 Ave & 98 Pl,358,0,0.0
6030.04,W 13 St & 7 Ave,363,0,0.0
6030.06,W 15 St & 7 Ave,363,0,0.0
6037.02,53 Ave & 94 St,353,0,0.0
6039.06,Washington St & Gansevoort St,356,0,0.0
6046.02,E 25 St & 2 Ave,365,0,0.0
6047.03,51 Ave & Van Loon St,352,0,0.0
6055.08,E 20 St & Park Ave,365,0,0.0
6056.02,Queens Blvd & Albion Ave,357,0,0.0
6058.08,44 St & 48 Ave,365,0,0.0
6062.03,103 St & Martense Ave,323,0,0.0
6064.08,W 18 St & 6 Ave,364,0,0.0
6067.01,48 Ave & 37 St,363,0,0.0
6070.05,55 Ave & 97 Pl,316,0,0.0
6072.06,Greenwich Ave & 8 Ave,366,0,0.0
6072.11,8 Ave & W 16 St,365,0,0.0
6072.16,Gansevoort St & Hudson St,265,0,0.0
6079.03,1 Ave & E 30 St,349,0,0.0
6080.07,90 St & 51 Ave,360,0,0.0
6089.07,Lexington Ave & E 24 St,365,0,0.0
6089.08,Lexington Ave & E 26 St,366,0,0.0
6089.11,E 26 St & 3 Ave,365,0,0.0
6090.03,South Railroad Ave & Broadway,365,0,0.0
6092.01,47 Ave & 48 St,365,0,0.0
6096.01,Van Cleef St & 108 St,335,0,0.0
6098.02,W 20 St & 5 Ave,363,0,0.0
6098.1,Broadway & E 21 St,110,0,0.0
6098.10,Broadway & E 21 St,366,0,0.0
6099.02,76 St & 45 Ave,364,0,0.0
6101.11,48 Ave & 41 St,365,0,0.0
6104.01,55 Ave & Center Blvd,365,0,0.0
6105.02,100 St & Lewis Ave,286,0,0.0
6107.08,W 17 St & 7 Ave,363,0,0.0
6108.03,69 St & 43 Ave,362,0,0.0
6113.07,51 Ave & Junction Blvd,348,0,0.0
6115.06,Hudson St & W 13 St,365,0,0.0
6115.09,W 15 St & 10 Ave,365,0,0.0
6116.03,61 St & Queens Blvd,365,0,0.0
6122.09,2 Ave & E 29 St,365,0,0.0
6123.02,Corona Ave & 90 St,245,0,0.0
6128.04,49 Ave & 21 St,365,0,0.0
6131.1,E 24 St & Park Ave S,365,0,0.0
6131.12,Madison Ave & E 26 St,363,0,0.0
6131.13,E 27 St & Park Ave S,363,0,0.0
6132.01,82 St & Broadway,294,0,0.0
6134.03,Greenpoint Ave & 47 St,365,0,0.0
6134.13,44 St & Greenpoint Ave,365,0,0.0
6137.04,5 St & 51 Ave,366,0,0.0
6138.02,Martense Ave & 108 St,348,0,0.0
6138.07,108 St & 52 Ave,358,0,0.0
6140.05,W 21 St & 6 Ave,365,0,0.0
6141.02,72 St & Woodside Ave,361,0,0.0
6143.01,36 St & 47 Ave,319,0,0.0
6143.05,39 St & 47 Ave,365,0,0.0
6146.01,99 St & 50 Ave,309,0,0.0
6148.02,W 17 St & 8 Ave,365,0,0.0
6149.02,65 Pl & Woodside Ave,361,0,0.0
6155.03,Corona Ave & 92 St,360,0,0.0
6157.04,10 Ave & W 14 St,343,0,0.0
6158.02,Queens Blvd & 56 St,364,0,0.0
6158.06,57 St & 43 Ave,335,0,0.0
6164.09,Lexington Ave & E 29 St,365,0,0.0
6165.06,Whitney Ave & Ketcham Pl,298,0,0.0
6167.03,51 St & Queens Blvd,362,0,0.0
6170.02,Vernon Blvd & 50 Ave,365,0,0.0
6170.09,Jackson Ave & 49 Ave,359,0,0.0
6173.08,Broadway & W 25 St,362,0,0.0
6174.03,79 St & Woodside Ave,365,0,0.0
6176.11,40 St & Queens Blvd,365,0,0.0
6179.07,Center Blvd & 51 Ave,365,0,0.0
6180.05,51 Ave & Alstyne Ave,339,0,0.0
6182.02,W 20 St & 7 Ave,364,0,0.0
6183.03,Woodside Ave & 69 St,353,0,0.0
6188.04,Corona Ave & 98 St,312,0,0.0
6190.08,9 Ave & W 18 St,288,0,0.0
6191.04,62 St & 43 Ave,364,0,0.0
6191.06,61 St & Woodside Ave,365,0,0.0
6197.08,E 33 St & 1 Ave,365,0,0.0
6197.11,2 Ave & E 31 St,365,0,0.0
6198.03,Forley St & Lamont Ave,365,0,0.0
6200.03,53 St & Roosevelt Ave,295,0,0.0
6203.02,Jackson Ave & 46 Rd,365,0,0.0
6206.08,E 30 St & Park Ave S,365,0,0.0
6207.06,Judge St & Britton Ave,364,0,0.0
6209.05,43 Ave & 47 St,365,0,0.0
6209.08,46 St & Queens Blvd,365,0,0.0
6212.04,48 Ave & 5 St,364,0,0.0
6212.08,Vernon Blvd & 47 Rd,361,0,0.0
6215.04,W 25 St & 6 Ave,360,0,0.0
6215.07,W 27 St & 6 Ave,360,0,0.0
6216.01,74 St & Woodside Ave,363,0,0.0
6218.04,39 St & Queens Blvd,268,0,0.0
6222.04,Corona Ave & 102 St,344,0,0.0
6224.03,W 22 St & 8 Ave,365,0,0.0
6224.05,W 20 St & 8 Ave,365,0,0.0
6224.06,8 Ave & W 24 St,294,0,0.0
6225.03,41 Ave & 67 St,359,0,0.0
6230.02,1 Ave & E 38 St,356,0,0.0
6230.04,FDR Drive & E 35 St,364,0,0.0
6231.01,46 Ave & Junction Blvd,357,0,0.0
6233.04,Pier 61 at Chelsea Piers,366,0,0.0
6233.05,W 16 St & The High Line,352,0,0.0
6234.03,Woodside Ave & Roosevelt Ave,365,0,0.0
6234.04,Woodside Ave & 60 St,198,0,0.0
6239.08,E 31 St & 3 Ave,365,0,0.0
6240.05,Elmhurst Ave & Forley St,360,0,0.0
6242.1,51 St & 43 Ave,76,0,0.0
6242.10,51 St & 43 Ave,365,0,0.0
6245.08,46 Rd & 11 St,365,0,0.0
6248.08,5 Ave & E 30 St,362,0,0.0
6249.02,41 Ave & 80 St,360,0,0.0
6251.06,43 Ave & 42 St,203,0,0.0
6254.06,Center Blvd & 48 Ave,365,0,0.0
6255.02,49 Ave & 108 St,333,0,0.0
6257.03,W 24 St & 7 Ave,366,0,0.0
6257.06,W 27 St & 7 Ave,362,0,0.0
6258.02,72 St & Broadway,365,0,0.0
6258.03,72 St & 41 Ave,362,0,0.0
6264.06,National St & 45 Ave,350,0,0.0
6266.06,9 Ave & W 22 St,288,0,0.0
6267.08,65 St & Roosevelt Ave,363,0,0.0
6273.03,Case St & 94 St,351,0,0.0
6276.02,Woodside Ave & 55 St,312,0,0.0
6276.05,Skillman Ave & 54 St,365,0,0.0
6278.05,Davis St & Jackson Ave,365,0,0.0
6280.12,E 32 St & Park Ave,365,0,0.0
6281.01,Gleane St & Britton Ave,347,0,0.0
6283.05,48 St & Skillman Ave,361,0,0.0
6289.06,Broadway & W 29 St,362,0,0.0
6290.06,41 Ave & 77 St,365,0,0.0
6290.13,79 St & Roosevelt Ave,364,0,0.0
6292.03,43 Ave & 40 St,228,0,0.0
6295.07,47 Ave & 104 St,345,0,0.0
6297.07,8 Ave & W 27 St,366,0,0.0
6297.08,W 25 St & 8 Ave,365,0,0.0
6298.04,69 St & 38 Ave,364,0,0.0
6303.02,1 Ave & E 42 St,352,0,0.0
6304.04,98 St & 41 Ave,322,0,0.0
6306.01,W 20 St & 10 Ave,365,0,0.0
6306.06,W 22 St & 10 Ave,365,0,0.0
6306.07,W 20 St & 11 Ave,285,0,0.0
6307.07,61 St & 39 Ave,365,0,0.0
6310.06,27 St & Hunter St,365,0,0.0
6313.1,Lexington Ave & E 36 St,110,0,0.0
6313.10,Lexington Ave & E 36 St,366,0,0.0
6314.02,Elmhurst Ave & Roosevelt Ave,364,0,0.0
6314.09,Benham St & Roosevelt Ave,322,0,0.0
6316.05,39 Dr & 52 St,365,0,0.0
6319.01,45 Rd & 11 St,365,0,0.0
6319.03,44 Dr & 21 St,359,0,0.0
6319.04,11 St & 44 Rd,364,0,0.0
6319.07,45 Ave & 21 St,365,0,0.0
6322.01,E 33 St & 5 Ave,361,0,0.0
6323.04,84 St & Roosevelt Ave,360,0,0.0
6323.11,Ithaca St & Baxter Ave,365,0,0.0
6329.06,47 Ave & 109 St,307,0,0.0
6331.01,W 31 St & 7 Ave,366,0,0.0
6332.06,74 St & 37 Ave,365,0,0.0
6332.1,Broadway & 74 St,69,0,0.0
6332.10,Broadway & 74 St,319,0,0.0
6337.09,103 St & 41 Ave,332,0,0.0
6339.06,W 25 St & 9 Ave,365,0,0.0
6340.09,37 Ave & 63 St,364,0,0.0
6346.07,Warren St & Roosevelt Ave,365,0,0.0
6349.03,39 Ave & 56 St,365,0,0.0
6352.01,44 Dr & Jackson Ave,366,0,0.0
6356.01,87 St & Roosevelt Ave,364,0,0.0
6358.05,48 St & Barnett Ave,363,0,0.0
6361.03,9 St & 44 Rd,364,0,0.0
6364.07,6 Ave & W 33 St,356,0,0.0
6364.1,6 Ave & W 34 St,110,0,0.0
6364.10,6 Ave & W 34 St,327,0,0.0
6365.1,79 St & 37 Ave,60,0,0.0
6365.10,79 St & 37 Ave,365,0,0.0
6371.03,42 Ave & 108 St,339,0,0.0
6373.07,W 30 St & 8 Ave,365,0,0.0
6374.05,71 St & 37 Ave,362,0,0.0
6379.03,1 Ave & E 44 St,353,0,0.0
6380.1,39 Ave & 99 St,34,0,0.0
6380.10,39 Ave & 99 St,359,0,0.0
6382.05,W 26 St & 10 Ave,366,0,0.0
6383.06,60 St & 37 Ave,360,0,0.0
6389.09,E 39 St & Lexington Ave,365,0,0.0
6390.05,93 St & Roosevelt Ave,324,0,0.0
6392.02,39 Ave & 54 St,359,0,0.0
6395.01,21 St & 43 Ave,364,0,0.0
6398.06,W 37 St & 5 Ave,365,0,0.0
6398.08,E 35 St & Madison Ave,364,0,0.0
6399.06,86 St & 37 Ave,365,0,0.0
6401.01,43 St & 37 Ave,360,0,0.0
6401.03,39 Ave & 45 St,365,0,0.0
6405.03,43 Ave & 111 St,308,0,0.0
6408.08,75 St & 35 Ave,365,0,0.0
6414.07,Roosevelt Ave & 104 St,335,0,0.0
6416.06,W 29 St & 9 Ave,365,0,0.0
6417.04,65 St & 35 Ave,336,0,0.0
6417.11,65 St & Broadway,364,0,0.0
6422.08,E 43 St & 2 Ave,363,0,0.0
6422.09,E 44 St & 2 Ave,354,0,0.0
6423.03,99 St & 38 Ave,349,0,0.0
6425.04,11 Ave & W 27 St,366,0,0.0
6426.05,57 St & 37 Ave,331,0,0.0
6429.01,Queens Plaza North & Crescent St,360,0,0.0
6432.08,Park Ave & E 41 St,365,0,0.0
6432.09,Park Ave & E 42 St,365,0,0.0
6432.11,E 40 St & Park Ave,365,0,0.0
6432.15,Park Ave & E 40 St,168,0,0.0
6433.01,92 St & 37 Ave,360,0,0.0
6435.02,48 St & 37 Ave,365,0,0.0
6435.03,50 St & Barnett Ave,365,0,0.0
6438.04,11 St & 43 Ave,7,0,0.0
6438.05,11 St & 43 Ave,359,0,0.0
6441.01,Broadway & W 36 St,260,0,0.0
6441.02,Broadway & W 37 St,351,0,0.0
6441.06,W 37 St & Broadway,362,0,0.0
6442.08,81 St & 35 Ave,365,0,0.0
6448.07,111 St & Roosevelt Ave,362,0,0.0
6450.05,8 Ave & W 31 St,364,0,0.0
6450.12,8 Ave & W 33 St,365,0,0.0
6451.07,34 Ave & 74 St,364,0,0.0
6453.02,34 St & 38 Ave,310,0,0.0
6457.06,104 St & 38 Ave,359,0,0.0
6459.04,10 Ave & W 28 St,365,0,0.0
6459.07,W 30 St & 10 Ave,365,0,0.0
6460.06,62 St & 34 Ave,357,0,0.0
6462.05,40 Ave & Crescent St,365,0,0.0
6462.19,28 St & 41 Ave,365,0,0.0
6464.08,E 45 St & 3 Ave,366,0,0.0
6464.09,E 44 St & Lexington Ave,366,0,0.0
6465.04,95 St & 35 Ave,362,0,0.0
6468.01,54 St & 37 Ave,353,0,0.0
6471.02,21 St & Queens Plaza North,365,0,0.0
6474.11,E 40 St & 5 Ave,364,0,0.0
6475.07,86 St & 35 Ave,365,0,0.0
6483.06,W 36 St & 7 Ave,364,0,0.0
6486.07,38 St & Northern Blvd,363,0,0.0
6490.02,108 St & 39 Ave,350,0,0.0
6492.04,W 33 St & 10 Ave,366,0,0.0
6492.08,9 Ave & W 33 St,365,0,0.0
6493.03,34 Ave & 71 St,365,0,0.0
6495.17,31 St & Northern Blvd,365,0,0.0
6498.09,E 47 St & 1 Ave,346,0,0.0
6498.1,E 47 St & 2 Ave,107,0,0.0
6498.10,E 47 St & 2 Ave,352,0,0.0
6499.06,100 St & 37 Ave,352,0,0.0
6502.01,55 St & Northern Blvd,365,0,0.0
6505.01,24 St & 41 Ave,183,0,0.0
6509.07,92 St & 35 Ave,364,0,0.0
6511.03,50 St & Northern Blvd,365,0,0.0
6517.08,W 42 St & 6 Ave,345,0,0.0
6517.08_,W 42 St & 6 Ave,148,0,0.0
6518.13,34 Ave & 83 St,365,0,0.0
6520.06,43 St & 35 Ave,365,0,0.0
6520.07,42 Pl & Northern Blvd,365,0,0.0
6524.01,114 St & 39 Ave,280,0,0.0
6524.09,37 Ave & 113 St,284,0,0.0
6526.01,W 35 St & 8 Ave,362,0,0.0
6526.05,8 Ave & W 38 St,366,0,0.0
6527.07,75 St & Northern Blvd,363,0,0.0
6529.02,37 Ave & 35 St,365,0,0.0
6532.06,E 51 St & 1 Ave,365,0,0.0
6533.02,37 Ave & 106 St,348,0,0.0
6535.04,W 34 St & Hudson Blvd E,342,0,0.0
6536.02,62 St & Northern Blvd,351,0,0.0
6538.11,38 Ave & 29 St,365,0,0.0
6541.03,E 48 St & 3 Ave,324,0,0.0
6542.05,99 St & 35 Ave,356,0,0.0
6545.07,Broadway & 51 St,365,0,0.0
6551.11,E 43 St & Madison Ave,363,0,0.0
6551.16,E 46 St & Madison Ave,231,0,0.0
6552.07,34 Ave & 89 St,365,0,0.0
6554.05,34 Ave & 48 St,364,0,0.0
6560.01,Broadway & W 41 St,312,0,0.0
6560.14,W 40 St & 7 Ave,360,0,0.0
6560.15,Broadway & W 38 St,363,0,0.0
6561.01,81 St & 34 Ave,365,0,0.0
6563.12,35 Ave & 37 St,365,0,0.0
6566.01,Southpoint Park,350,0,0.0
6567.03,111 St & 37 Ave,326,0,0.0
6569.07,W 36 St & 9 Ave,365,0,0.0
6569.09,W 35 St & 9 Ave,365,0,0.0
6569.09_,W 35 St & 9 Ave,244,0,0.0
6570.06,72 St & Northern Blvd,362,0,0.0
6572.08,36 Ave & 31 St,365,0,0.0
6575.03,E 51 St & 2 Ave,284,0,0.0
6576.07,102 St & 34 Ave,360,0,0.0
6578.01,W 34 St & 11 Ave,365,0,0.0
6579.03,58 St & 32 Ave,365,0,0.0
6581.14,24 St & 38 Ave,295,0,0.0
6584.12,E 47 St & Park Ave,327,0,0.0
6585.11,34 Ave & Junction Blvd,364,0,0.0
6587.04,Broadway & 49 St,358,0,0.0
6593.15,6 Ave & W 45 St,353,0,0.0
6594.02,85 St & Northern Blvd,365,0,0.0
6596.1,34 Ave & 45 St,68,0,0.0
6596.10,34 Ave & 45 St,365,0,0.0
6599.01,Roosevelt Island Tramway,364,0,0.0
6602.03,W 41 St & 8 Ave,362,0,0.0
6602.05,W 42 St & 8 Ave,365,0,0.0
6603.06,32 Ave & 77 St,360,0,0.0
6603.07,78 St & Northern Blvd,365,0,0.0
6605.08,34 St & 35 Ave,318,0,0.0
6608.09,E 54 St & 1 Ave,365,0,0.0
6609.03,34 Ave & 108 St,358,0,0.0
6611.02,W 37 St & 10 Ave,365,0,0.0
6611.07,Hudson Blvd W & W 36 St,365,0,0.0
6612.09,71 St & 32 Ave,364,0,0.0
6614.01,28 St & 36 Ave,365,0,0.0
6617.02,E 53 St & 3 Ave,365,0,0.0
6617.09,E 53 St & Lexington Ave,366,0,0.0
6618.02,100 St & Northern Blvd,356,0,0.0
6621.06,31 Ave & 57 St,365,0,0.0
6626.01,E 48 St & 5 Ave,347,0,0.0
6627.12,93 St & Northern Blvd,365,0,0.0
6629.06,48 St & Broadway,365,0,0.0
6636.04,32 Ave & 84 St,354,0,0.0
6638.01,34 Ave & 38 St,3,0,0.0
6638.08,34 Ave & 38 St,363,0,0.0
6642.08,34 Ave & 113 St,344,0,0.0
6644.07,W 42 St & Dyer Ave,366,0,0.0
6645.06,32 Ave & 75 St,317,0,0.0
6650.07,E 55 St & 2 Ave,366,0,0.0
6651.01,104 St & Northern Blvd,321,0,0.0
6654.05,31 Ave & 61 St,364,0,0.0
6656.05,21 St & 38 Ave,366,0,0.0
6659.01,E 51 St & Lexington Ave,358,0,0.0
6660.05,99 St & 32 Ave,306,0,0.0
6660.07,96 St & Northern Blvd,364,0,0.0
6662.01,49 St & 31 Ave,365,0,0.0
6662.09,51 St & Hobart St,365,0,0.0
6664.05,40 Ave & 9 St,365,0,0.0
6667.04,W 47 St & 6 Ave,168,0,0.0
6667.12,W 47 St & 6 Ave,164,0,0.0
6668.06,90 St & 32 Ave,364,0,0.0
6670.03,43 St & Broadway,365,0,0.0
6676.02,W 45 St & 8 Ave,364,0,0.0
6677.03,32 Ave & 81 St,365,0,0.0
6679.11,35 St & 34 Ave,365,0,0.0
6682.03,E 58 St & 1 Ave (NE Corner),365,0,0.0
6682.08,E 60 St & York Ave,361,0,0.0
6683.01,112 St & Northern Blvd,353,0,0.0
6686.07,72 St & 31 Ave,365,0,0.0
6688.01,Crescent St & 35 Ave,365,0,0.0
6691.11,E 56 St & 3 Ave,362,0,0.0
6692.03,104 St & 32 Ave,362,0,0.0
6700.01,W 52 St & 5 Ave,362,0,0.0
6700.14,W 51 St & Rockefeller Plaza,333,0,0.0
6701.05,Jackson Mill Rd & 93 St,361,0,0.0
6703.06,46 St & 30 Rd,365,0,0.0
6708.04,Broadway & W 48 St,355,0,0.0
6709.01,31 Ave & 84 St,361,0,0.0
6709.05,31 Ave & 86 St,362,0,0.0
6711.13,Steinway St & Broadway,365,0,0.0
6717.06,9 Ave & W 45 St,366,0,0.0
6718.02,77 St & 31 Ave,363,0,0.0
6720.07,34 Ave & 31 St,365,0,0.0
6723.1,E 58 St & 1 Ave (NW Corner),104,0,0.0
6723.10,E 58 St & 1 Ave (NW Corner),365,0,0.0
6724.01,107 St & 32 Ave,356,0,0.0
6726.01,11 Ave & W 41 St,364,0,0.0
6727.02,30 Ave & 70 St,361,0,0.0
6729.02,21 St & 36 Ave,364,0,0.0
6732.01,E 56 St & Madison Ave,360,0,0.0
6733.01,99 St & Astoria Blvd,354,0,0.0
6735.03,50 St & 30 Ave,365,0,0.0
6737.03,36 Ave & 10 St,366,0,0.0
6740.01,W 52 St & 6 Ave,358,0,0.0
6740.1,W 51 St & 6 Ave,105,0,0.0
6740.10,W 51 St & 6 Ave,358,0,0.0
6741.03,91 St & 31 Ave,361,0,0.0
6743.06,Newton Rd & 44 St,365,0,0.0
6747.06,W 49 St & 8 Ave,365,0,0.0
6747.07,8 Ave & W 49 St,366,0,0.0
6748.04,82 St & 30 Ave,351,0,0.0
6750.16,35 St & Broadway,365,0,0.0
6753.08,1 Ave & E 62 St,348,0,0.0
6756.01,W 43 St & 10 Ave,366,0,0.0
6756.05,W 44 St & 11 Ave,354,0,0.0
6757.03,73 St & 25 Ave,351,0,0.0
6759.15,Crescent St & 34 Ave,365,0,0.0
6762.02,E 58 St & 3 Ave,365,0,0.0
6763.08,31 Ave & 103 St,349,0,0.0
6765.01,12 Ave & W 40 St,365,0,0.0
6766.03,Bulova Ave & Brooklyn Queens Expressway W,365,0,0.0
6771.13,W 54 St & 6 Ave,365,0,0.0
6772.11,30 Ave & 96 St,362,0,0.0
6774.13,30 Ave & 47 St,365,0,0.0
6779.05,Broadway & W 53 St,362,0,0.0
6779.07,W 51 St & 7 Ave,302,0,0.0
6780.06,87 St & 30 Ave,355,0,0.0
6782.01,31 Ave & Steinway St,365,0,0.0
6786.02,W 47 St & 9 Ave,339,0,0.0
6787.02,30 Ave & 80 St,343,0,0.0
6789.08,Broadway & 31 St,148,0,0.0
6789.2,31 St & Broadway,102,0,0.0
6789.20,31 St & Broadway,182,0,0.0
6793.01,Ditmars Blvd & 31 Dr,227,0,0.0
6795.01,W 46 St & 11 Ave,365,0,0.0
6798.01,34 Ave & 21 St,365,0,0.0
6801.16,E 61 St & Madison Ave,350,0,0.0
6804.01,49 St & 25 Ave,365,0,0.0
6806.06,35 Ave & 10 St,365,0,0.0
6809.07,W 56 St & 6 Ave,358,0,0.0
6809.09,W 55 St & 6 Ave,351,0,0.0
6810.01,92 St & Astoria Blvd,350,0,0.0
6812.06,30 Ave & 41 St,365,0,0.0
6814.01,Motorgate,364,0,0.0
6816.07,8 Ave & W 52 St,365,0,0.0
6817.15,25 Ave & 85 St,361,0,0.0
6819.15,31 Ave & 34 St,362,0,0.0
6822.09,1 Ave & E 68 St,362,0,0.0
6824.07,W 47 St & 10 Ave,366,0,0.0
6825.03,77 St & 24 Ave,361,0,0.0
6827.11,Crescent St & Broadway,365,0,0.0
6830.02,E 63 St & 3 Ave,365,0,0.0
6830.04,3 Ave & E 62 St,336,0,0.0
6836.07,34 Ave & 13 St,363,0,0.0
6839.04,E 58 St & Madison Ave,357,0,0.0
6840.02,98 St & 25 Ave,299,0,0.0
6842.02,46 St & 28 Ave,364,0,0.0
6847.02,Broadway & W 56 St,362,0,0.0
6847.05,7 Ave & W 55 St,338,0,0.0
6848.04,88 St & Astoria Blvd,347,0,0.0
6850.01,38 St & 30 Ave,365,0,0.0
6854.05,W 50 St & 9 Ave,365,0,0.0
6855.02,81 St & 24 Ave,344,0,0.0
6857.09,31 Ave & 30 St,366,0,0.0
6860.12,E 65 St & 2 Ave,356,0,0.0
6865.03,21 St & 31 Dr,365,0,0.0
6869.06,Butler St & 27 Ave,359,0,0.0
6869.1,Gillmore St & 27 Ave,18,0,0.0
6869.10,Gillmore St & 27 Ave,349,0,0.0
6873.01,34 Ave & Vernon Blvd,353,0,0.0
6873.01,34th Ave & Vernon Blvd,12,0,0.0
6877.05,Jackson Mill Rd & 24 Ave,352,0,0.0
6877.06,25 Ave & 96 St,291,0,0.0
6879.04,28 Ave & 44 St,365,0,0.0
6884.03,W 56 St & 8 Ave,363,0,0.0
6885.01,24 Ave & 87 St,340,0,0.0
6887.03,35 St & 30 Ave,365,0,0.0
6889.12,E 72 St & York Ave,352,0,0.0
6890.01,W 53 St & 10 Ave,365,0,0.0
6890.06,W 50 St & 10 Ave,273,0,0.0
6893.1,31 Ave & Crescent St,86,0,0.0
6893.10,31 Ave & Crescent St,365,0,0.0
6896.16,E 68 St & 3 Ave,366,0,0.0
6901.01,Broadway & 12 St,365,0,0.0
6905.02,100 St & Humphreys St,307,0,0.0
6907.03,46 St & 25 Ave,365,0,0.0
6912.01,7 Ave & Central Park South,353,0,0.0
6913.03,24 Ave & 92 St,294,0,0.0
6915.02,Steinway St & 28 Ave,365,0,0.0
6920.05,W 54 St & 9 Ave,365,0,0.0
6921.04,23 Ave & 83 St,357,0,0.0
6923.2,31 St & Newtown Ave,94,0,0.0
6923.20,31 St & Newtown Ave,365,0,0.0
6925.09,2 Ave & E 72 St,366,0,0.0
6926.01,W 52 St & 11 Ave,365,0,0.0
6927.03,Ditmars Blvd & 76 St,363,0,0.0
6929.01,23 St & 31 Ave,365,0,0.0
6932.14,E 67 St & Park Ave,365,0,0.0
6932.15,E 68 St & Madison Ave,365,0,0.0
6935.01,Ditmars Blvd & 48 St,365,0,0.0
6937.07,Vernon Blvd & 10 St,261,0,0.0
6941.03,97 St & 23 Ave,304,0,0.0
6943.07,25 Ave & 41 St,365,0,0.0
6948.1,Broadway & W 58 St,112,0,0.0
6948.10,Broadway & W 58 St,366,0,0.0
6949.03,91 St & 23 Ave,341,0,0.0
6951.03,28 Ave & 35 St,363,0,0.0
6953.08,E 74 St & 1 Ave,365,0,0.0
6955.01,W 56 St & 10 Ave,365,0,0.0
6955.05,W 54 St & 11 Ave,365,0,0.0
6958.06,Crescent St & 30 Ave,365,0,0.0
6960.12,3 Ave & E 71 St,365,0,0.0
6964.05,Ditmars Blvd & 73 St,359,0,0.0
6966.04,31 Ave & 14 St,364,0,0.0
6969.08,E 66 St & Madison Ave,366,0,0.0
6970.02,Ditmars Blvd & 102 St,363,0,0.0
6978.04,Ditmars Blvd & 94 St,365,0,0.0
6981.16,37 St & 24 Ave,365,0,0.0
6986.07,Columbus Ave & W 59 St,366,0,0.0
6989.07,31 St & Astoria Blvd,366,0,0.0
6991.12,E 75 St & 3 Ave,365,0,0.0
6994.06,Ditmars Blvd & 79 St,362,0,0.0
6996.01,30 Ave & 21 St,364,0,0.0
6998.08,E 72 St & Park Ave,366,0,0.0
7003.06,Vernon Blvd & 31 Ave,363,0,0.0
7009.02,Steinway St & 23 Ave,364,0,0.0
7009.06,43 St & 23 Ave,365,0,0.0
7014.12,Broadway & W 61 St,359,0,0.0
7018.01,31 St & Hoyt Ave N,365,0,0.0
7020.02,E 77 St & 1 Ave,365,0,0.0
7023.04,W 59 St & 10 Ave,365,0,0.0
7026.08,Newtown Ave & 23 St,365,0,0.0
7028.04,3 Ave & E 72 St,365,0,0.0
7032.02,76 St & 21 Ave,358,0,0.0
7032.06,Hazen St & 20 Ave,352,0,0.0
7034.09,30 Ave & 12 St,365,0,0.0
7039.03,Ditmars Blvd & 43 St,365,0,0.0
7047.07,35 St & 23 Ave,365,0,0.0
7049.04,E 82 St & East End Ave,365,0,0.0
7052.01,W 63 St & Broadway,362,0,0.0
7057.07,E 78 St & 2 Ave,364,0,0.0
7059.01,11 Ave & W 59 St,345,0,0.0
7059.08,West End Ave & W 60 St,365,0,0.0
7060.02,21 Ave & 80 St,359,0,0.0
7062.07,18 St & 27 Ave,365,0,0.0
7066.01,20 Ave & 48 St,357,0,0.0
7068.07,8 St & Astoria Blvd,365,0,0.0
7074.01,Steinway St & Ditmars Blvd,365,0,0.0
7082.08,23 Ave & 31 St,304,0,0.0
7082.14,23 Rd & 31 St,365,0,0.0
7084.12,E 81 St & York Ave,365,0,0.0
7092.06,E 77 St & 3 Ave,365,0,0.0
7098.05,27 Ave & 9 St,365,0,0.0
7111.1,36 St & Ditmars Blvd,75,0,0.0
7111.10,36 St & Ditmars Blvd,365,0,0.0
7113.08,East End Ave & E 86 St,359,0,0.0
7116.04,W 67 St & Broadway,365,0,0.0
7119.04,24 Ave & 29 St,365,0,0.0
7121.02,E 80 St & 2 Ave,365,0,0.0
7123.04,W 64 St & Thelonious Monk Circle,365,0,0.0
7126.01,21 St & Hoyt Ave S,365,0,0.0
7128.08,E 76 St & Park Ave,365,0,0.0
7137.04,Steinway St & 21 Ave,365,0,0.0
7144.02,31 St & Ditmars Blvd,365,0,0.0
7146.04,E 85 St & York Ave,280,0,0.0
7149.05,Amsterdam Ave & W 66 St,345,0,0.0
7152.1,24 Ave & 26 St,74,0,0.0
7152.10,24 Ave & 26 St,364,0,0.0
7154.1,3 Ave & E 82 St,103,0,0.0
7154.10,3 Ave & E 82 St,365,0,0.0
7163.07,20 Ave & 42 St,365,0,0.0
7165.01,26 Ave & 2 St,365,0,0.0
7170.04,35 St & 21 Ave,365,0,0.0
7175.05,Columbus Ave & W 72 St,362,0,0.0
7178.02,23 Ave & 27 St,365,0,0.0
7180.02,E 84 St & 1 Ave,311,0,0.0
7183.03,Riverside Blvd & W 67 St,343,0,0.0
7186.15,19 St & 24 Ave,365,0,0.0
7188.1,E 81 St & Park Ave,97,0,0.0
7188.10,E 81 St & Park Ave,333,0,0.0
7188.13,Madison Ave & E 82 St,365,0,0.0
7196.04,20 Ave & 38 St,364,0,0.0
7202.07,31 St & 21 Ave,364,0,0.0
7204.08,E 89 St & York Ave,356,0,0.0
7207.08,W 70 St & Amsterdam Ave,366,0,0.0
7210.07,21 St & 23 Ave,365,0,0.0
7212.05,E 85 St & 3 Ave,301,0,0.0
7220.01,Steinway St & 19 Ave,364,0,0.0
7230.1,W 74 St & Columbus Ave,105,0,0.0
7230.10,W 74 St & Columbus Ave,360,0,0.0
7233.05,Crescent St & Ditmars Blvd,364,0,0.0
7235.13,E 88 St & 1 Ave,365,0,0.0
7243.04,E 84 St & Park Ave,276,0,0.0
7260.09,Amsterdam Ave & W 73 St,365,0,0.0
7265.1,E 89 St & 3 Ave,105,0,0.0
7265.10,E 89 St & 3 Ave,365,0,0.0
7281.09,W 76 St & Columbus Ave,283,0,0.0
7284.01,21 Ave & Crescent St,354,0,0.0
7286.01,E 91 St & 2 Ave,365,0,0.0
7286.02,E 93 St & 2 Ave,365,0,0.0
7286.05,1 Ave & E 94 St,362,0,0.0
7288.04,Riverside Dr & W 72 St,365,0,0.0
7293.1,E 88 St & Park Ave,103,0,0.0
7293.10,E 88 St & Park Ave,364,0,0.0
7304.08,W 82 St & Central Park W,359,0,0.0
7311.02,Amsterdam Ave & W 79 St,365,0,0.0
7311.07,W 78 St & Broadway,365,0,0.0
7314.03,21 St & 21 Ave,365,0,0.0
7338.02,2 Ave & E 96 St,302,0,0.0
7340.06,Riverside Dr & W 78 St,365,0,0.0
7342.01,21 Ave & Shore Blvd,365,0,0.0
7344.01,E 94 St & Madison Ave,361,0,0.0
7344.05,E 91 St & Park Ave,364,0,0.0
7354.01,Central Park W & W 85 St,335,0,0.0
7360.1,Amsterdam Ave & W 82 St,106,0,0.0
7360.10,Amsterdam Ave & W 82 St,365,0,0.0
7363.03,21 St & 20 Ave,357,0,0.0
7365.08,E 97 St & 3 Ave,364,0,0.0
7365.13,E 95 St & 3 Ave,340,0,0.0
7382.04,W 84 St & Columbus Ave,223,0,0.0
7386.1,2 Ave & E 99 St,76,0,0.0
7386.10,2 Ave & E 99 St,365,0,0.0
7388.1,Riverside Dr & W 82 St,96,0,0.0
7388.10,Riverside Dr & W 82 St,358,0,0.0
7393.09,E 97 St & Madison Ave,365,0,0.0
7407.13,E 102 St & 1 Ave,365,0,0.0
7409.04,W 84 St & Amsterdam Ave,365,0,0.0
7414.17,3 Ave & E 100 St,365,0,0.0
7432.09,W 89 St & Columbus Ave,365,0,0.0
7436.16,E 103 St & 2 Ave,365,0,0.0
7443.01,Madison Ave & E 99 St,364,0,0.0
7443.17,E 98 St & Park Ave,365,0,0.0
7453.08,W 94 St & Central Park W,68,0,0.0
7456.03,E 106 St & 1 Ave,365,0,0.0
7458.03,W 87 St & Amsterdam Ave,361,0,0.0
7458.09,W 90 St & Amsterdam Ave,366,0,0.0
7463.09,E 103 St & Lexington Ave,365,0,0.0
7484.05,W 87 St & West End Ave,365,0,0.0
7488.24,E 102 St & Park Ave,366,0,0.0
7502.01,W 92 St & Broadway,354,0,0.0
7504.18,E 106 St & Lexington Ave,365,0,0.0
7504.19,3 Ave & E 109 St,365,0,0.0
7511.19,5 Ave & E 103 St,362,0,0.0
7520.07,Columbus Ave & W 95 St,365,0,0.0
7522.02,1 Ave & E 110 St,361,0,0.0
7524.09,West End Ave & W 94 St,365,0,0.0
7524.16,Riverside Dr & W 91 St,365,0,0.0
7528.31,E 106 St & Madison Ave,365,0,0.0
7538.14,W 100 St & Manhattan Ave,279,0,0.0
7538.18,Central Park W & W 97 St,365,0,0.0
7540.02,E 114 St & 1 Ave,365,0,0.0
7540.05,Pleasant Ave & E 116 St,363,0,0.0
7541.01,W 95 St & Broadway,293,0,0.0
7543.15,3 Ave & E 112 St,333,0,0.0
7563.06,E 116 St & 2 Ave,365,0,0.0
7567.06,Lexington Ave & E 111 St,366,0,0.0
7577.27,Central Park W & W 103 St,366,0,0.0
7579.01,Pleasant Ave & E 120 St,364,0,0.0
7580.01,W 100 St & Broadway,301,0,0.0
7587.16,W 111 St & 5 Ave,365,0,0.0
7595.17,Columbus Ave & W 103 St,365,0,0.0
7596.11,1 Ave & E 118 St,365,0,0.0
7599.02,E 115 St & Madison Ave,365,0,0.0
7599.09,E 115 St & Lexington Ave,362,0,0.0
7602.05,Lenox Ave & W 111 St,363,0,0.0
7606.01,W 106 St & Central Park W,336,0,0.0
7610.13,W 104 St & Amsterdam Ave,365,0,0.0
7611.02,E 118 St & 3 Ave,362,0,0.0
7619.05,W 107 St & Columbus Ave,365,0,0.0
7622.12,2 Ave & E 122 St,365,0,0.0
7623.13,Riverside Dr & W 104 St,365,0,0.0
7625.18,E 118 St & Park Ave,366,0,0.0
7626.02,Willow Ave & E 133 St,348,0,0.0
7627.1,Lenox Ave & W 115 St,93,0,0.0
7627.10,Lenox Ave & W 115 St,365,0,0.0
7631.23,Frederick Douglass Blvd & W 112 St,365,0,0.0
7634.01,W 106 St & Amsterdam Ave,336,0,0.0
7636.05,E 123 St & Lexington Ave,365,0,0.0
7640.04,E 118 St & Madison Ave,365,0,0.0
7642.04,E 133 St & Cypress Pl,332,0,0.0
7643.18,Adam Clayton Powell Blvd & W 115 St,363,0,0.0
7646.04,W 110 St & Amsterdam Ave,365,0,0.0
7648.16,2 Ave & E 125 St,365,0,0.0
7650.05,West End Ave & W 107 St,365,0,0.0
7652.04,Lexington Ave & E 120 St,365,0,0.0
7654.04,E 138 St & Willow Ave,360,0,0.0
7655.22,Lenox Ave & W 117 St,349,0,0.0
7657.03,St Ann's Ave & Bruckner Blvd,362,0,0.0
7658.13,Frederick Douglass Blvd & W 115 St,365,0,0.0
7662.13,Lexington Ave & E 127 St,365,0,0.0
7667.04,Madison Ave & E 120 St,365,0,0.0
7669.1,E 138 St & Cypress Ave,50,0,0.0
7669.10,E 138 St & Cypress Ave,364,0,0.0
7670.09,Adam Clayton Powell Blvd & W 118 St,365,0,0.0
7680.03,Cathedral Pkwy & Broadway,365,0,0.0
7682.01,Park Ave & E 124 St,365,0,0.0
7685.14,Mt Morris Park W & W 120 St,360,0,0.0
7687.05,E 135 St & St Ann's Ave,355,0,0.0
7688.12,Frederick Douglass Blvd & W 117 St,365,0,0.0
7691.05,Willis Ave & Bruckner Blvd,366,0,0.0
7692.11,W 116 St & Amsterdam Ave,350,0,0.0
7696.07,E 128 St & 3 Ave,363,0,0.0
7701.21,5 Ave & W 126 St,360,0,0.0
7703.14,E 141 St & Jackson Ave,364,0,0.0
7704.04,Adam Clayton Powell Blvd & W 123 St,365,0,0.0
7707.08,Brook Ave & E 138 St,364,0,0.0
7712.04,Alexander Ave & E 134 St,365,0,0.0
7712.06,Lincoln Ave & E 134 St,364,0,0.0
7713.01,W 113 St & Broadway,365,0,0.0
7713.11,W 116 St & Broadway,365,0,0.0
7716.19,Lexington Ave & E 128 St,363,0,0.0
7719.13,Southern Blvd & E 142 St,354,0,0.0
7720.03,Lenox Ave & W 126 St,315,0,0.0
7722.06,E 141 St & St Ann's Ave,364,0,0.0
7723.01,St Nicholas Ave & Manhattan Ave,366,0,0.0
7726.02,Willis Ave & E 137 St,365,0,0.0
7727.07,Amsterdam Ave & W 119 St,365,0,0.0
7735.05,5 Ave & W 131 St,360,0,0.0
7735.23,E 128 St & Madison Ave,365,0,0.0
7737.06,St Mary's St & Jackson Ave,363,0,0.0
7738.04,Adam Clayton Powell Blvd & W 126 St,352,0,0.0
7740.08,Brook Ave & E 141 St,355,0,0.0
7741.01,Morningside Ave & W 123 St,365,0,0.0
7741.04,Morningside Dr & Amsterdam Ave,364,0,0.0
7744.06,Lincoln Ave & E 138 St,361,0,0.0
7745.07,W 120 St & Claremont Ave,365,0,0.0
7748.02,E 132 St & Madison Ave,362,0,0.0
7751.05,Wales Ave & E 147 St,362,0,0.0
7753.13,Lenox Ave & W 130 St,365,0,0.0
7755.03,St Ann's Ave & E 144 St,359,0,0.0
7756.1,St Nicholas Ave & W 126 St,93,0,0.0
7756.10,St Nicholas Ave & W 126 St,324,0,0.0
7759.08,Willis Ave & E 141 St,364,0,0.0
7767.06,Southern Blvd & Ave St John,293,0,0.0
7769.06,5 Ave & E 135 St,361,0,0.0
7774.02,Adam Clayton Powell Blvd & W 130 St,317,0,0.0
7777.02,E 144 St & Brook Ave,360,0,0.0
7781.1,E 142 St & 3 Ave,65,0,0.0
7781.10,E 142 St & 3 Ave,364,0,0.0
7783.18,Broadway & W 122 St,365,0,0.0
7788.13,Southern Blvd & E 149 St,364,0,0.0
7790.04,Lenox Ave & W 133 St,365,0,0.0
7793.02,E 149 St & Eagle Ave,359,0,0.0
7795.09,Frederick Douglass Blvd & W 129 St,364,0,0.0
7798.02,Willis Ave & E 143 St,361,0,0.0
7800.03,Amsterdam Ave & W 125 St,363,0,0.0
7803.02,E 138 St & Park Ave,360,0,0.0
7803.08,E 138 St & Grand Concourse,354,0,0.0
7807.04,Beck St & Leggett Ave,364,0,0.0
7809.13,E 138 St & 5 Ave,360,0,0.0
7812.01,E 149 St & Jackson Ave,365,0,0.0
7814.01,Adam Clayton Powell Blvd & W 132 St,365,0,0.0
7816.14,Brook Ave & E 148 St,365,0,0.0
7818.17,W 129 St & Convent Ave,365,0,0.0
7820.05,Hunts Point Ave & Bryant Ave,347,0,0.0
7821.01,Morris Ave & E 142 St,365,0,0.0
7823.03,Broadway & Moylan Pl,365,0,0.0
7830.03,Prospect Ave & E 151 St,363,0,0.0
7832.04,W 135 St & Lenox Terrace Pl,365,0,0.0
7835.1,St Ann's Ave & Westchester Ave,53,0,0.0
7835.10,St Ann's Ave & Westchester Ave,356,0,0.0
7837.3,St Nicholas Ave & W 134 St,80,0,0.0
7837.30,St Nicholas Ave & W 134 St,363,0,0.0
7840.05,Courtlandt Ave & E 149 St,364,0,0.0
7840.11,E 147 St & Bergen Ave,365,0,0.0
7842.16,Amsterdam Ave & W 131 St,365,0,0.0
7844.05,Barry St & Tiffany St,357,0,0.0
7845.06,Grand Concourse & E 144 St,365,0,0.0
7849.1,Longwood Ave & Southern Blvd,40,0,0.0
7849.10,Longwood Ave & Southern Blvd,362,0,0.0
7851.04,5 Av & W 139 St,13,0,0.0
7851.04,5 Ave & W 139 St,352,0,0.0
7853.01,Westchester Ave & Jackson Ave,366,0,0.0
7855.03,Adam Clayton Powell Blvd & W 138 St,366,0,0.0
7858.02,Bergen Ave & E 152 St,365,0,0.0
7863.03,E 149 St & Morris Ave,365,0,0.0
7865.09,Broadway & W 131 St,366,0,0.0
7867.04,Southern Blvd & Tiffany St,358,0,0.0
7868.05,Gerard Ave & E 146 St,365,0,0.0
7870.02,Prospect Ave & Longwood Ave,354,0,0.0
7872.03,Lenox Ave & W 140 St,365,0,0.0
7876.07,Frederick Douglass Blvd & W 139 St,365,0,0.0
7879.01,Melrose Ave & E 150 St,365,0,0.0
7881.09,Old Broadway & W 133 St,365,0,0.0
7883.06,Lafayette Ave & Hunts Point Ave,361,0,0.0
7883.09,Seneca Ave & Irvine St,156,0,0.0
7883.1,Seneca Ave & Irvine St,20,0,0.0
7883.10,Seneca Ave & Irvine St,188,0,0.0
7884.04,E 149 St & Park Ave,365,0,0.0
7886.02,12 Ave & W 125 St,353,0,0.0
7888.1,Dawson St & Intervale Ave,4,0,0.0
7888.10,Dawson St & Intervale Ave,315,0,0.0
7891.06,Westchester Ave & E 156 St,365,0,0.0
7893.05,Adam Clayton Powell Blvd & W 141 St,365,0,0.0
7896.11,E 156 St & Brook Ave,365,0,0.0
7901.04,Morris Ave & E 153 St,364,0,0.0
7903.02,Broadway & W 133 St,365,0,0.0
7905.05,Garrison Ave & Manida St,359,0,0.0
7909.07,Westchester Ave & Longwood Ave,365,0,0.0
7910.01,Lenox Ave & W 144 St,365,0,0.0
7910.1,Lenox Ave & W 146 St,59,0,0.0
7910.10,Lenox Ave & W 146 St,364,0,0.0
7913.15,Cauldwell Ave & E 158 St,365,0,0.0
7915.11,Edgecombe Ave & W 141 St,365,0,0.0
7918.12,Melrose Ave & E 154 St,361,0,0.0
7920.05,Amsterdam Ave & W 136 St,325,0,0.0
7922.01,Faile St & Garrison Ave,261,0,0.0
7925.04,W 133 St & 12 Ave,350,0,0.0
7927.08,E 163 St & Tiffany St,363,0,0.0
7931.05,E 160 St & Tinton Ave,358,0,0.0
7932.1,W 144 St & Adam Clayton Powell Blvd,68,0,0.0
7932.10,W 144 St & Adam Clayton Powell Blvd,365,0,0.0
7935.07,Brook Ave & E 157 St,340,0,0.0
7940.02,E 155 St & Courtlandt Ave,358,0,0.0
7940.04,E 156 St & Courtlandt Ave,362,0,0.0
7942.07,Broadway & W 138 St,364,0,0.0
7942.21,Riverside Dr & W 138 St,364,0,0.0
7945.03,Walton Ave & E 151 St,363,0,0.0
7945.07,Walton Ave & E 153 St,348,0,0.0
7948.1,Intervale Ave & Westchester Ave,28,0,0.0
7948.10,Intervale Ave & Westchester Ave,363,0,0.0
7952.02,Cauldwell Ave & E 161 St,365,0,0.0
7954.12,Frederick Douglass Blvd & W 145 St,365,0,0.0
7957.11,E 158 St & Melrose Ave,365,0,0.0
7959.18,Hamilton Pl & W 140 St,365,0,0.0
7962.01,Concourse Village West & E 156 St,363,0,0.0
7966.02,E 165 St & Fox St,360,0,0.0
7967.04,River Ave & E 151 St,365,0,0.0
7970.05,E 163 St & Union Ave,354,0,0.0
7971.07,W 147 St & Adam Clayton Powell Blvd,365,0,0.0
7974.01,3 Ave & E 163 St,364,0,0.0
7976.08,Edgecombe Ave & W 145 St,365,0,0.0
7979.17,E 161 St & Park Ave,365,0,0.0
7981.16,Broadway & W 142 St,365,0,0.0
7981.27,W 140 St & Riverside Dr,361,0,0.0
7983.02,Longfellow Ave & Aldus St,298,0,0.0
7983.04,Longfellow Ave & E 165 St,316,0,0.0
7984.04,Grand Concourse & E 156 St,357,0,0.0
7987.14,Rogers Pl & E 165 St,313,0,0.0
7991.01,Tinton Ave & E 165 St,363,0,0.0
7992.04,Bradhurst Ave & W 148 St,364,0,0.0
7995.04,Washington Ave & E 163 St,363,0,0.0
7997.08,W 145 St & Amsterdam Ave,366,0,0.0
8000.02,Concourse Village East & E 158 St,364,0,0.0
8004.03,Westchester Ave & Southern Blvd,365,0,0.0
8005.03,E 157 St & River Ave,360,0,0.0
8005.08,River Ave & E 153 St,357,0,0.0
8008.03,Prospect Ave & E 167 St,364,0,0.0
8009.05,Adam Clayton Powell Blvd & W 151 St,364,0,0.0
8012.04,3 Ave & Franklin Ave,365,0,0.0
8013.07,St Nicholas Ave & W 150 St,364,0,0.0
8016.07,Park Ave & E 162 St,324,0,0.0
8018.04,Riverside Dr & W 145 St,365,0,0.0
8018.09,W 146 St & Broadway,365,0,0.0
8020.01,Home St & Westchester Ave,355,0,0.0
8021.11,Grand Concourse & E 161 St,363,0,0.0
8024.05,E 169 St & Fox St,352,0,0.0
8029.28,Macombs Pl & W 152 St,366,0,0.0
8033.09,W 148 St & Amsterdam Ave,364,0,0.0
8036.05,Morris Ave & E 163 St,365,0,0.0
8040.03,E 167 St & Bryant Ave,354,0,0.0
8044.09,Intervale Ave & Kelly St,330,0,0.0
8048.01,E 167 St & Franklin Ave,360,0,0.0
8048.04,Boston Rd & E 167 St,364,0,0.0
8049.05,Edgecombe Ave & W 150 St,356,0,0.0
8049.1,Convent Ave & W 151 St,42,0,0.0
8049.10,Convent Ave & W 151 St,365,0,0.0
8052.01,Webster Ave & E 166 St,357,0,0.0
8052.02,E 165 St & Clay Ave,364,0,0.0
8054.04,Riverside Dr & W 148 St,365,0,0.0
8057.02,Grand Concourse & E 164 St,365,0,0.0
8060.01,Freeman St & Southern Blvd,360,0,0.0
8061.01,Jerome Ave & Anderson Ave,361,0,0.0
8064.03,Union Ave & E 169 St,365,0,0.0
8065.13,W 155 St & Frederick Douglass Blvd,365,0,0.0
8068.01,Washington Ave & E 167 St,365,0,0.0
8069.01,Amsterdam Ave & W 152 St,366,0,0.0
8072.06,Sherman Ave & E 166 St,365,0,0.0
8076.08,West Farms Rd & Boone Ave,329,0,0.0
8077.07,Gerard Ave & E 164 St,346,0,0.0
8080.01,Freeman St & Reverend James A Polite Ave,354,0,0.0
8081.01,Jerome Ave & Ogden Ave,349,0,0.0
8084.03,Fulton Ave & E 168 St,357,0,0.0
8085.05,St Nicholas Ave & W 155 St,364,0,0.0
8085.09,St Nicholas Ave & W 157 St,360,0,0.0
8085.13,Harlem River Dr & W 155 St,362,0,0.0
8088.01,E 167 St & Clay Ave,358,0,0.0
8089.05,Broadway & W 153 St,365,0,0.0
8092.06,Grand Concourse & E 166 St,364,0,0.0
8095.06,Hoe Ave & Jennings St,358,0,0.0
8096.03,Anderson Ave & W 164 St,365,0,0.0
8099.04,Prospect Ave & Jennings St,348,0,0.0
8100.01,Frederick Douglass Blvd & Harlem River Dr,360,0,0.0
8103.05,3 Ave & E 169 St,365,0,0.0
8104.1,Amsterdam Ave & W 156 St,50,0,0.0
8104.10,Amsterdam Ave & W 156 St,362,0,0.0
8107.1,Morris Ave & McClellan St,52,0,0.0
8107.10,Morris Ave & McClellan St,364,0,0.0
8108.02,Riverside Dr & W 153 St,363,0,0.0
8110.04,Boone Ave & E 172 St,361,0,0.0
8111.04,Gerard Ave & E 165 St,256,0,0.0
8114.02,Louis Nine Blvd & Intervale Ave,361,0,0.0
8115.01,Ogden Ave & W 164 St,343,0,0.0
8118.02,Franklin Ave & E 169 St,365,0,0.0
8119.05,W 159 St & Edgecombe Ave,353,0,0.0
8122.04,E 169 St & Webster Ave,356,0,0.0
8123.06,Broadway & W 157 St,366,0,0.0
8126.07,Grand Concourse & E 167 St,365,0,0.0
8129.02,Southern Blvd & E 172 St,361,0,0.0
8133.08,Boston Rd & Prospect Ave,364,0,0.0
8137.06,3 Ave & E 170 St,364,0,0.0
8138.07,W 160 St & St Nicholas Ave,364,0,0.0
8141.05,College Ave & E 169 St,336,0,0.0
8142.03,Riverside Dr E & W 155 St,361,0,0.0
8144.09,E 174 St & Longfellow Ave,364,0,0.0
8145.03,Gerard Ave & McClellan St,342,0,0.0
8149.09,Ogden Ave & W 165 St,365,0,0.0
8152.03,Fulton Ave & St Paul's Pl,364,0,0.0
8153.1,W 163 St & Edgecombe Ave,29,0,0.0
8153.10,W 163 St & Edgecombe Ave,327,0,0.0
8156.03,E 170 St & Webster Ave,365,0,0.0
8157.06,Broadway & W 160 St,365,0,0.0
8160.03,Sheridan Ave & E 168 St,365,0,0.0
8163.05,Southern Blvd & E 174 St,365,0,0.0
8167.02,Wilkins Ave & Crotona Park E,360,0,0.0
8167.04,Charlotte St & Boston Rd,276,0,0.0
8171.06,E 171 St & 3 Ave,364,0,0.0
8172.07,Amsterdam Ave & W 162 St,365,0,0.0
8175.06,College Ave & E 170 St,358,0,0.0
8176.01,W 160 St & Riverside Dr,354,0,0.0
8179.03,Walton Ave & E 168 St,364,0,0.0
8183.02,University Ave & W 168 St,361,0,0.0
8183.08,Nelson Ave & 167 St,364,0,0.0
8190.03,E 171 St & Webster Ave,357,0,0.0
8191.01,Broadway & W 165 St,365,0,0.0
8194.06,Grand Concourse & E 171 St,365,0,0.0
8194.07,E 170 St & Sheridan Ave,365,0,0.0
8196.02,Southern Blvd & E 175 St,359,0,0.0
8198.05,Shakespeare Ave & W 169 St,365,0,0.0
8205.05,3 Ave & E 172 St,359,0,0.0
8206.17,Amsterdam Ave & W 167 St,365,0,0.0
8209.01,Morris Ave & E 171 St,354,0,0.0
8210.01,W 163 St & Riverside Dr,356,0,0.0
8212.01,Boston Rd & West Farms Rd,361,0,0.0
8213.01,Plaza Dr & W 170 St,358,0,0.0
8218.04,Ogden Ave & Merriam Ave,359,0,0.0
8225.05,Clay Ave & Claremont Pkwy,354,0,0.0
8226.05,W 165 St & Fort Washington Ave,365,0,0.0
8226.06,Broadway & W 168 St,276,0,0.0
8226.07,W 168 St & Fort Washington Ave,340,0,0.0
8226.07,W 168 St & Ft Washington Ave,21,0,0.0
8229.04,Sheridan Ave & E 172 St,352,0,0.0
8233.01,Inwood Ave & W 170 St,303,0,0.0
8241.07,3 Ave & E 174 St,358,0,0.0
8248.05,Boston Rd & E 178 St,365,0,0.0
8249.1,Walton Ave & E 171 St,73,0,0.0
8249.10,Walton Ave & E 171 St,363,0,0.0
8252.03,Crotona Pkwy & Elsmere Pl,364,0,0.0
8254.01,W 170 St & University Ave,364,0,0.0
8257.03,Crotona Ave & Crotona Park N,362,0,0.0
8262.07,W 171 St & St Nicholas Ave,365,0,0.0
8265.09,Grand Concourse & E Mount Eden Ave,365,0,0.0
8268.08,E 179 St & Daly Ave,352,0,0.0
8269.01,Goble Pl & Macombs Rd,307,0,0.0
8272.05,Fairmount Pl & Prospect Ave,348,0,0.0
8272.08,E 176 St & Clinton Ave,349,0,0.0
8277.03,Washington Ave & E 174 St,303,0,0.0
8281.06,Clay Ave & E 173 St,357,0,0.0
8284.01,Bronx Park S & Bryant Ave,348,0,0.0
8285.09,E 174 St & Walton Ave,349,0,0.0
8285.11,Featherbed Ln & Jerome Ave,338,0,0.0
8288.11,E 179 St & Southern Blvd,363,0,0.0
8290.01,Nelson Ave & W 172 St,365,0,0.0
8293.12,Arthur Ave & E Tremont Ave,365,0,0.0
8299.03,Wadsworth Ave & W 175 St,365,0,0.0
8303.06,Grand Concourse & E 175 St,362,0,0.0
8306.03,Vyse Ave & E 181 St,332,0,0.0
8307.05,Macombs Rd & Featherbed Ln,339,0,0.0
8315.03,3 Ave & E Tremont Ave,365,0,0.0
8316.02,Audubon Ave & W 179 St,362,0,0.0
8320.01,Fort Washington Ave & W 173 St,364,0,0.0
8323.05,Townsend Ave & E 175 St,340,0,0.0
8325.08,Southern Blvd & E 180 St,361,0,0.0
8325.12,Crotona Pkwy & Bronx Park S,362,0,0.0
8327.15,Featherbed Ln & Nelson Ave,362,0,0.0
8330.05,Crotona Ave & E 179 St,363,0,0.0
8336.02,Wadsworth Ave & W 179 St,365,0,0.0
8340.01,Grand Concourse & E 176 St,364,0,0.0
8344.04,Macombs Rd & W 175 St,358,0,0.0
8344.09,University Ave & Macombs Rd,360,0,0.0
8346.06,E 180 St & Prospect Ave,364,0,0.0
8348.02,Popham Ave & W 174 St,365,0,0.0
8351.06,E 178 St & Monterey Ave,356,0,0.0
8353.09,Amsterdam Ave & W 183 St,364,0,0.0
8356.04,Anthony Ave & E Tremont Ave,361,0,0.0
8358.03,W 180 St & Fort Washington Ave,343,0,0.0
8358.03,W 180 St & Ft Washington Ave,22,0,0.0
8358.1,Cabrini Blvd & W 177 St,17,0,0.0
8358.10,Cabrini Blvd & W 177 St,348,0,0.0
8362.02,Walton Ave & E 176 St,358,0,0.0
8362.09,Jerome Ave & W 177 St,302,0,0.0
8366.06,W 176 St & Montgomery Ave,352,0,0.0
8366.07,University Ave & Brandt Pl,357,0,0.0
8369.08,Hughes Ave & Oak Tree Pl,349,0,0.0
8374.02,Park Ave & E 179 St,353,0,0.0
8379.06,Echo Pl & Grand Concourse,365,0,0.0
8381.04,W 181 St & Riverside Dr,364,0,0.0
8384.03,W Tremont Ave & Grand Ave,357,0,0.0
8384.04,University Ave & Morton Pl,352,0,0.0
8387.03,Crotona Ave & E 183 St,364,0,0.0
8392.02,E 180 St & Monterey Ave,364,0,0.0
8394.15,Amsterdam Ave & W 186 St,363,0,0.0
8397.02,E Burnside Ave & Ryer Ave,365,0,0.0
8399.06,Fort Washington Ave & W 183 St,364,0,0.0
8403.02,E Tremont Ave & Jerome Ave,232,0,0.0
8407.03,W Tremont Ave & Montgomery Ave,354,0,0.0
8410.1,E 182 St & Belmont Ave,35,0,0.0
8410.10,E 182 St & Belmont Ave,362,0,0.0
8415.01,E 181 St & Bathgate Ave,364,0,0.0
8416.07,Broadway & W 185 St,365,0,0.0
8416.1,W 186 St & St Nicholas Ave,34,0,0.0
8416.10,W 186 St & St Nicholas Ave,364,0,0.0
8427.05,Southern Blvd & E 187 St,364,0,0.0
8428.04,W Tremont Ave & Matthewson Rd,361,0,0.0
8428.05,Sedgwick Ave & W Tremont Ave,364,0,0.0
8430.03,Arthur Ave & E 183 St,363,0,0.0
8435.04,Valentine Ave & E 181 St,361,0,0.0
8441.01,Morris Ave & E Burnside Ave,364,0,0.0
8441.05,Davidson Ave & W Burnside Ave,337,0,0.0
8447.07,Crescent Ave & Belmont Ave,365,0,0.0
8451.07,E 182 St & Park Ave,310,0,0.0
8453.14,W 190 St & St Nicholas Ave,296,0,0.0
8456.05,Grand Concourse & E 181 St,364,0,0.0
8458.03,Pinehurst Ave & W 187 St,365,0,0.0
8462.09,University Ave & W Burnside Ave,362,0,0.0
8467.03,E 184 St & 3 Ave,365,0,0.0
8469.05,Audubon Ave & W 192 St,355,0,0.0
8472.06,Valentine Ave & E 183 St,344,0,0.0
8472.08,Webster Ave & Ford St,338,0,0.0
8474.02,W 190 St & Broadway,363,0,0.0
8478.11,Jerome Ave & E 181 St,323,0,0.0
8483.02,Andrews Ave S & W 179 St,351,0,0.0
8485.01,E 188 St & Hughes Ave,359,0,0.0
8489.06,E 187 St & 3 Ave,344,0,0.0
8491.07,Audubon Ave & Fort George Ave,341,0,0.0
8494.01,E 182 St & Morris Ave,365,0,0.0
8494.07,E 182 St & Grand Concourse,359,0,0.0
8496.01,Fort Washington Ave & W 190 St,364,0,0.0
8500.01,Grand Ave & W 181 St,358,0,0.0
8502.04,Crotona Ave & E Fordham Rd,354,0,0.0
8505.08,E 189 St & Bathgate Ave,355,0,0.0
8510.02,Tiebout Ave & E 184 St,365,0,0.0
8511.08,Broadway & W 192 St,364,0,0.0
8514.05,Walton Ave & E 183 St,342,0,0.0
8520.01,Andrew Ave N & Hall of Fame Tce,335,0,0.0
8526.03,3 Ave & E 189 St,360,0,0.0
8528.05,Nagle Ave & Ellwood St,363,0,0.0
8531.05,Grand Concourse & E 184 St,365,0,0.0
8532.03,Margaret Corbin Plz & Ft Washington Ave,354,0,0.0
8535.01,Buchanan Pl & Grand Ave,355,0,0.0
8535.09,Aqueduct Ave & North St,332,0,0.0
8541.04,E 191 St & Bathgate Ave,352,0,0.0
8543.01,10 Ave & W 202 St,262,0,0.0
8546.06,Tiebout Ave & E Fordham Rd,365,0,0.0
8547.04,Broadway & Ellwood St,362,0,0.0
8550.01,Jerome Ave & W 184 St,351,0,0.0
8555.05,Loring Pl North & W 183 St,360,0,0.0
8559.04,9 Ave & W 204 St,200,0,0.0
8563.06,Nagle Ave & Thayer St,363,0,0.0
8566.05,E 188 St & Creston Ave,365,0,0.0
8571.02,Grand Ave & W Fordham Rd,351,0,0.0
8575.02,Cedar Ave & W Fordham Rd,356,0,0.0
8579.03,W 204 St & Nagle Ave,343,0,0.0
8579.05,Academy St & Nagle Ave,353,0,0.0
8579.09,10 Ave & W 204 St,318,0,0.0
8582.09,E Fordham Rd & Webster Ave,365,0,0.0
8582.1,Bainbridge Ave & E 193 St,27,0,0.0
8582.10,Bainbridge Ave & E 193 St,347,0,0.0
8583.02,Sherman Ave & Thayer St,363,0,0.0
8586.09,Jerome Ave & W Fordham Rd,365,0,0.0
8590.01,W Fordham Rd & Loring Pl N,360,0,0.0
8597.01,Decatur Ave & E 197 St,312,0,0.0
8601.04,Grand Concourse & E 192 St,267,0,0.0
8605.06,Aqueduct Ave & W 190 St,345,0,0.0
8613.09,10 Ave & W 207 St,365,0,0.0
8615.01,Bainbridge Ave & E 196 St,359,0,0.0
8616.06,Riverside Dr & Broadway,365,0,0.0
8619.02,Jerome Ave & W 193 St,362,0,0.0
8624.01,Webb Ave & W 190 St,361,0,0.0
8631.03,Decatur Ave & Oliver Pl,223,0,0.0
8632.07,W 204 St & Vermilyea Ave,364,0,0.0
8635.09,E 196 St & Valentine Ave,44,0,0.0
8639.01,W 192 St & University Ave,360,0,0.0
8643.01,Bailey Ave & Sedgwick Ave,332,0,0.0
8646.02,Botanical Sq & Webster Ave,358,0,0.0
8647.1,W 211 St & 10 Ave,8,0,0.0
8647.10,W 211 St & 10 Ave,337,0,0.0
8649.03,Bainbridge Ave & E 198 St,350,0,0.0
8650.11,Seaman Ave & Beak St,362,0,0.0
8653.09,Jerome Ave & W 195 St,362,0,0.0
8655.02,Dyckman St & Staff St,322,0,0.0
8664.06,Decatur Ave & Bedford Park Blvd,267,0,0.0
8665.02,Seaman Ave & Isham St,351,0,0.0
8665.09,Isham St & Broadway,364,0,0.0
8667.02,Valentine Ave & E 198 St,60,0,0.0
8672.05,Eames Pl & Claflin Ave,345,0,0.0
8676.01,Bailey Ave & W 193 St,280,0,0.0
8679.03,10 Ave & W 215 St,362,0,0.0
8682.06,Bainbridge Ave & Bedford Park Blvd,350,0,0.0
8692.04,Sedgwick Ave & W 195 St,361,0,0.0
8696.05,9 Ave & W 219 St,256,0,0.0
8699.01,Marion Ave & Mosholu Pkwy,364,0,0.0
8703.05,Grand Concourse & E 199 St,354,0,0.0
8707.01,Goulden Ave & W 197 St,343,0,0.0
8707.04,Strong St & University Ave,358,0,0.0
8711.02,W 225 St & Exterior St,365,0,0.0
8717.07,E 201 St & Briggs Ave,352,0,0.0
8720.02,Jerome Ave & E 198 St,347,0,0.0
8734.02,Jerome Ave & Bedford Park Blvd E,363,0,0.0
8734.04,Grand Concourse & E 203 St,350,0,0.0
8738.01,Goulden Ave & Bedford Park Blvd,346,0,0.0
8741.01,Bailey Ave & W 229 St,310,0,0.0
8745.01,Marble Hill Ave & W 225 St,358,0,0.0
8748.02,E Mosholu Pkwy & E 204 St,343,0,0.0
8752.01,Bedford Park Blvd & Paul Ave,356,0,0.0
8756.03,Claflin Ave & Reservoir Ave,354,0,0.0
8756.07,Sedgwick Ave & W 231 St,361,0,0.0
8766.03,Grand Concourse & E 205 St,360,0,0.0
8772.06,Kingsbridge Terrace & W 230 St,332,0,0.0
8776.02,Marble Hill Ave & W 227 St,285,0,0.0
8778.01,E Mosholu Pkwy & Van Cortlandt Ave E,315,0,0.0
8782.01,Paul Ave & W 205 St,350,0,0.0
8786.01,Giles Pl & Fort Independence St,357,0,0.0
8790.08,Verveelen Pl & Broadway,362,0,0.0
8795.01,Jerome Ave & E Mosholu Pkwy S,365,0,0.0
8795.03,Grand Concourse & E Mosholu Pkwy S,343,0,0.0
8799.01,Goulden Ave & W 205 St,332,0,0.0
8802.05,W 233 St & Albany Crescent,251,0,0.0
8806.01,W 230 St & Marble Hill Ave,356,0,0.0
8811.01,Paul Ave & Mosholu Pkwy,345,0,0.0
8815.01,Sedgwick Ave & Giles Pl,356,0,0.0
8819.05,Naples Terrace & Godwin Terrace,321,0,0.0
8828.02,Sedgwick Ave & Hillman Ave,361,0,0.0
8831.03,Bailey Ave & W 234 St,282,0,0.0
8835.05,Irwin Ave & W 232 St,352,0,0.0
8841.03,W Mosholu Pkwy S & Sedgwick Ave,317,0,0.0
8849.03,Broadway & W 234 St,353,0,0.0
8862.02,Bailey Ave & W 238 St,149,0,0.0
8866.01,Tibbett Ave & W 234 St,297,0,0.0
8879.02,Broadway & Van Cortlandt Park S,361,0,0.0
8879.03,Broadway & W 238 St,360,0,0.0
8897.05,W 238 St & Tibbett Ave,341,0,0.0
